reaction_id	reaction_name	non_gpr_category	gapfill_provenance	blocked_gut_like	fva_min	fva_max	lower_bound_gut_like	upper_bound_gut_like
rxn00105_c0	ATP:nicotinamide-nucleotide adenylyltransferase	unresolved non-GPR reaction	Not assignable reaction-by-reaction from available summary log; see gapseq gap-filling provenance file.	False	-14.8125	29.62500000000008	-1000.0	1000.0
rxn00154_c0	pyruvate:NAD+ 2-oxidoreductase (CoA-acetylating)	unresolved non-GPR reaction	Not assignable reaction-by-reaction from available summary log; see gapseq gap-filling provenance file.	False	0.0	46.49999999999999	0.0	1000.0
rxn00175_c0	Acetate:CoA ligase (AMP-forming)	unresolved non-GPR reaction	Not assignable reaction-by-reaction from available summary log; see gapseq gap-filling provenance file.	False	0.0	59.24999999999999	0.0	1000.0
rxn00176_c0	acetyl adenylate:CoA acetyltransferase	unresolved non-GPR reaction	Not assignable reaction-by-reaction from available summary log; see gapseq gap-filling provenance file.	False	0.0	59.24999999999999	0.0	1000.0
rxn00226_c0	ATP:acetate adenylyltransferase	unresolved non-GPR reaction	Not assignable reaction-by-reaction from available summary log; see gapseq gap-filling provenance file.	False	0.0	59.24999999999999	0.0	1000.0
rxn00247_c0	ATP:oxaloacetate carboxy-lyase (transphosphorylating;phosphoenolpyruvate-forming)	unresolved non-GPR reaction	Not assignable reaction-by-reaction from available summary log; see gapseq gap-filling provenance file.	False	-66.75	51.250000000000064	-1000.0	1000.0
rxn00248_c0	(S)-malate:NAD+ oxidoreductase	unresolved non-GPR reaction	Not assignable reaction-by-reaction from available summary log; see gapseq gap-filling provenance file.	False	-68.75	1000.0	-1000.0	1000.0
rxn00285_c0	Succinate:CoA ligase (ADP-forming)	unresolved non-GPR reaction	Not assignable reaction-by-reaction from available summary log; see gapseq gap-filling provenance file.	False	-1000.0	1000.0	-1000.0	1000.0
rxn00292_c0	UDP-N-acetyl-D-glucosamine 2-epimerase	unresolved non-GPR reaction	Not assignable reaction-by-reaction from available summary log; see gapseq gap-filling provenance file.	False	0.0	5.771084337349398	0.0	1000.0
rxn00313_c0	meso-2,6-diaminoheptanedioate carboxy-lyase (L-lysine-forming)	unresolved non-GPR reaction	Not assignable reaction-by-reaction from available summary log; see gapseq gap-filling provenance file.	False	0.0	15.5	0.0	1000.0
rxn00395_c0	L-Arginine iminohydrolase	unresolved non-GPR reaction	Not assignable reaction-by-reaction from available summary log; see gapseq gap-filling provenance file.	False	0.0	29.625	0.0	1000.0
rxn00657_c0	beta-alanine:2-oxoglutarate aminotransferase	unresolved non-GPR reaction	Not assignable reaction-by-reaction from available summary log; see gapseq gap-filling provenance file.	False	-1000.0	47.833333333332575	-1000.0	1000.0
rxn00692_c0	5,10-Methylenetetrahydrofolate:glycine hydroxymethyltransferase	unresolved non-GPR reaction	Not assignable reaction-by-reaction from available summary log; see gapseq gap-filling provenance file.	False	-10.064516129032254	25.866666666666703	-1000.0	1000.0
rxn00777_c0	D-ribose-5-phosphate aldose-ketose-isomerase	unresolved non-GPR reaction	Not assignable reaction-by-reaction from available summary log; see gapseq gap-filling provenance file.	False	-1000.0	1000.0	-1000.0	1000.0
rxn00783_c0	2-dehydro-3-deoxy-D-galactonate-6-phosphate D-glyceraldehyde-3-phosphate-lyase (pyruvate-forming)	unresolved non-GPR reaction	Not assignable reaction-by-reaction from available summary log; see gapseq gap-filling provenance file.	False	0.0	23.666666666666657	-1000.0	1000.0
rxn00806_c0	L-Leucine:2-oxoglutarate aminotransferase	unresolved non-GPR reaction	Not assignable reaction-by-reaction from available summary log; see gapseq gap-filling provenance file.	False	-16.000000000000004	-0.0	-1000.0	1000.0
rxn00830_c0	Isopentenyl-diphosphate delta3-delta2-isomerase	unresolved non-GPR reaction	Not assignable reaction-by-reaction from available summary log; see gapseq gap-filling provenance file.	False	-0.1298881406128694	1000.0	-1000.0	1000.0
rxn00903_c0	L-Valine:2-oxoglutarate aminotransferase	unresolved non-GPR reaction	Not assignable reaction-by-reaction from available summary log; see gapseq gap-filling provenance file.	False	-20.769230769230766	-0.0	-1000.0	1000.0
rxn00908_c0	glycine synthase	unresolved non-GPR reaction	Not assignable reaction-by-reaction from available summary log; see gapseq gap-filling provenance file.	False	0.0	17.111111111111118	0.0	1000.0
rxn01104_c0	2,3-bisphospho-D-glycerate 2-phosphohydrolase	unresolved non-GPR reaction	Not assignable reaction-by-reaction from available summary log; see gapseq gap-filling provenance file.	False	0.0	49.25	0.0	1000.0
rxn01137_c0	Adenosine aminohydrolase	unresolved non-GPR reaction	Not assignable reaction-by-reaction from available summary log; see gapseq gap-filling provenance file.	False	0.0	19.75	0.0	1000.0
rxn01204_c0	4-aminobutanoate:2-oxoglutarate aminotransferase	unresolved non-GPR reaction	Not assignable reaction-by-reaction from available summary log; see gapseq gap-filling provenance file.	False	0.0	13.933333333333335	-1000.0	1000.0
rxn01208_c0	R01652	unresolved non-GPR reaction	Not assignable reaction-by-reaction from available summary log; see gapseq gap-filling provenance file.	False	-15.999999999999991	-0.0	-1000.0	0.0
rxn01216_c0	3-phospho-D-glycerate 1,2-phosphomutase	unresolved non-GPR reaction	Not assignable reaction-by-reaction from available summary log; see gapseq gap-filling provenance file.	False	0.0	49.25	0.0	1000.0
rxn01236_c0	ATP:butanoate 1-phosphotransferase	unresolved non-GPR reaction	Not assignable reaction-by-reaction from available summary log; see gapseq gap-filling provenance file.	True	0.0	-0.0	-1000.0	1000.0
rxn01575_c0	L-Isoleucine:2-oxoglutarate aminotransferase	unresolved non-GPR reaction	Not assignable reaction-by-reaction from available summary log; see gapseq gap-filling provenance file.	False	-15.590909090909122	-0.0	-1000.0	1000.0
rxn01631_c0	5-Aminopentanoate:2-oxoglutarate aminotransferase	unresolved non-GPR reaction	Not assignable reaction-by-reaction from available summary log; see gapseq gap-filling provenance file.	True	0.0	-0.0	-1000.0	1000.0
rxn01634_c0	5-Dehydro-4-deoxy-D-glucarate hydro-lyase (decarboxylating)	unresolved non-GPR reaction	Not assignable reaction-by-reaction from available summary log; see gapseq gap-filling provenance file.	True	0.0	-0.0	0.0	1000.0
rxn01731_c0	Itaconate:CoA ligase (ADP-forming)	unresolved non-GPR reaction	Not assignable reaction-by-reaction from available summary log; see gapseq gap-filling provenance file.	False	-1000.0	1000.0	-1000.0	1000.0
rxn01739_c0	ATP:shikimate 3-phosphotransferase	unresolved non-GPR reaction	Not assignable reaction-by-reaction from available summary log; see gapseq gap-filling provenance file.	False	0.0	5.821100917431181	0.0	1000.0
rxn01858_c0	Deoxyadenosine aminohydrolase	unresolved non-GPR reaction	Not assignable reaction-by-reaction from available summary log; see gapseq gap-filling provenance file.	False	0.0	19.75	0.0	1000.0
rxn02155_c0	ATP:nicotinamide-nucleotide adenylyltransferase	unresolved non-GPR reaction	Not assignable reaction-by-reaction from available summary log; see gapseq gap-filling provenance file.	False	0.0	29.624999999999996	-1000.0	1000.0
rxn02277_c0	7,8-Diaminononanoate:carbon-dioxide cyclo-ligase	unresolved non-GPR reaction	Not assignable reaction-by-reaction from available summary log; see gapseq gap-filling provenance file.	True	0.0	-0.0	0.0	1000.0
rxn02374_c0	R03314	unresolved non-GPR reaction	Not assignable reaction-by-reaction from available summary log; see gapseq gap-filling provenance file.	False	0.0	49.25	0.0	1000.0
rxn02404_c0	3-Deoxy-D-manno-octulosonate-8-phosphate 8-phosphohydrolase	unresolved non-GPR reaction	Not assignable reaction-by-reaction from available summary log; see gapseq gap-filling provenance file.	False	0.0	1.7583547557840615	0.0	1000.0
rxn02508_c0	N-(5-Phospho-beta-D-ribosyl)anthranilate ketol-isomerase	unresolved non-GPR reaction	Not assignable reaction-by-reaction from available summary log; see gapseq gap-filling provenance file.	False	0.0	4.86206896551721	-1000.0	1000.0
rxn02748_c0	(3S)-3-Methyl-2-oxopentanoate carboxy-lyase	unresolved non-GPR reaction	Not assignable reaction-by-reaction from available summary log; see gapseq gap-filling provenance file.	True	0.0	-0.0	0.0	1000.0
rxn02812_c0	ATP:branched-chain-fatty-acid 1-phosphotransferase	unresolved non-GPR reaction	Not assignable reaction-by-reaction from available summary log; see gapseq gap-filling provenance file.	True	0.0	-0.0	-1000.0	1000.0
rxn03039_c0	1-(5'-Phosphoribosyl)-5-amino-4-imidazolecarboxamide:pyrophosphate phosphoribosyltransferase	unresolved non-GPR reaction	Not assignable reaction-by-reaction from available summary log; see gapseq gap-filling provenance file.	True	0.0	-0.0	-1000.0	0.0
rxn03052_c0	5-Methyltetrahydropteroyltri-L-glutamate:L-homocysteine S-methyltransferase	unresolved non-GPR reaction	Not assignable reaction-by-reaction from available summary log; see gapseq gap-filling provenance file.	True	0.0	-0.0	0.0	1000.0
rxn03130_c0	UDP-2,3-bis[(3R)-3-hydroxymyristoyl]-alpha-D-glucosamine 2,3-bis[(3R)-3-hydroxymyristoyl]-beta-D-glucosaminyl 1-phosphate phosphohydrolase	unresolved non-GPR reaction	Not assignable reaction-by-reaction from available summary log; see gapseq gap-filling provenance file.	False	0.0	0.8791773778920302	0.0	1000.0
rxn03601_c0	p-Methylbenzaldehyde:NADP+ oxidoreductase	unresolved non-GPR reaction	Not assignable reaction-by-reaction from available summary log; see gapseq gap-filling provenance file.	False	-1000.0	1000.0	-1000.0	1000.0
rxn03884_c0	2-dehydro-3-deoxy-D-gluconate-6-phosphate D-glyceraldehyde-3-phosphate-lyase	unresolved non-GPR reaction	Not assignable reaction-by-reaction from available summary log; see gapseq gap-filling provenance file.	False	0.0	23.666666666666657	-1000.0	1000.0
rxn03909_c0	1-Deoxy-D-xylulose-5-phosphate pyruvate-lyase (carboxylating)	unresolved non-GPR reaction	Not assignable reaction-by-reaction from available summary log; see gapseq gap-filling provenance file.	False	0.0	0.1464837933566547	0.0	1000.0
rxn03919_c0	D-glycero-beta-D-manno-heptose 1,7-bisphosphate 7-phosphohydrolase	unresolved non-GPR reaction	Not assignable reaction-by-reaction from available summary log; see gapseq gap-filling provenance file.	False	0.0	0.0386644679884429	0.0	1000.0
rxn03934_c0	R05663	unresolved non-GPR reaction	Not assignable reaction-by-reaction from available summary log; see gapseq gap-filling provenance file.	True	0.0	-0.0	-1000.0	1000.0
rxn03935_c0	R05664	unresolved non-GPR reaction	Not assignable reaction-by-reaction from available summary log; see gapseq gap-filling provenance file.	False	-1000.0	1000.0	-1000.0	1000.0
rxn04047_c0	R05809	unresolved non-GPR reaction	Not assignable reaction-by-reaction from available summary log; see gapseq gap-filling provenance file.	True	0.0	-0.0	-1000.0	1000.0
rxn04794_c0	propanoyl-CoA:formate C-propanoyltransferase	unresolved non-GPR reaction	Not assignable reaction-by-reaction from available summary log; see gapseq gap-filling provenance file.	False	0.0	26.066666666666663	0.0	1000.0
rxn05039_c0	R07280	unresolved non-GPR reaction	Not assignable reaction-by-reaction from available summary log; see gapseq gap-filling provenance file.	False	0.0	1.8302752293577984	0.0	1000.0
rxn05064_c0	carbamate hydro-lyase	unresolved non-GPR reaction	Not assignable reaction-by-reaction from available summary log; see gapseq gap-filling provenance file.	False	-1000.0	1000.0	-1000.0	1000.0
rxn05147_c0	D-Glucose-ABC transport	transport reaction	Not assignable reaction-by-reaction from available summary log; see gapseq gap-filling provenance file.	False	0.0	10.0	0.0	1000.0
rxn05148_c0	Heme transport via ABC system	transport reaction	Not assignable reaction-by-reaction from available summary log; see gapseq gap-filling provenance file.	False	0.0	24.62500000000043	0.0	1000.0
rxn05165_c0	nonpolar-amino-acid-transporting ATPase	transport reaction	Not assignable reaction-by-reaction from available summary log; see gapseq gap-filling provenance file.	False	0.0	65.66666666666667	0.0	1000.0
rxn05173_c0	L-arabinose transport via ABC system	transport reaction	Not assignable reaction-by-reaction from available summary log; see gapseq gap-filling provenance file.	False	0.0	65.66666666666863	0.0	1000.0
rxn05188_c0	ferrichrome transport via ABC system	transport reaction	Not assignable reaction-by-reaction from available summary log; see gapseq gap-filling provenance file.	True	0.0	-0.0	0.0	1000.0
rxn05202_c0	TRANS-RXN-206.ce	transport reaction	Not assignable reaction-by-reaction from available summary log; see gapseq gap-filling provenance file.	False	-4.049019607843141	-0.0	-1000.0	1000.0
rxn05223_c0	Biotin ABC transporter	transport reaction	Not assignable reaction-by-reaction from available summary log; see gapseq gap-filling provenance file.	True	0.0	-0.0	0.0	1000.0
rxn05321_c0	Acetyl-CoA carbon-dioxide ligase	unresolved non-GPR reaction	Not assignable reaction-by-reaction from available summary log; see gapseq gap-filling provenance file.	True	0.0	-0.0	0.0	1000.0
rxn05573_c0	D-glucose transport in via proton symport	transport reaction	Not assignable reaction-by-reaction from available summary log; see gapseq gap-filling provenance file.	False	0.0	10.0	0.0	1000.0
rxn05581_c0	RXN0-1683.ce.maizeexp.GLYCEROL_GLYCEROL	transport reaction	Not assignable reaction-by-reaction from available summary log; see gapseq gap-filling provenance file.	False	0.0	169.0	-1000.0	1000.0
rxn05593_c0	Myo-inositol transporter 1	transport reaction	Not assignable reaction-by-reaction from available summary log; see gapseq gap-filling provenance file.	False	-1000.0	1000.0	-1000.0	1000.0
rxn05619_c0	ATP phosphohydrolase (molybdate-importing)	transport reaction	Not assignable reaction-by-reaction from available summary log; see gapseq gap-filling provenance file.	False	0.0	49.25000000000002	0.0	1000.0
rxn05938_c0	pyruvate ferredoxin oxidoreductase	unresolved non-GPR reaction	Not assignable reaction-by-reaction from available summary log; see gapseq gap-filling provenance file.	False	-36.0	24.88333333333333	-1000.0	1000.0
rxn06256_c0	Glutathione:protein-disulfide oxidoreductase	unresolved non-GPR reaction	Not assignable reaction-by-reaction from available summary log; see gapseq gap-filling provenance file.	True	0.0	-0.0	-1000.0	1000.0
rxn06434_c0	L-Asparagine:tRNA(Asn) ligase (AMP-forming)	unresolved non-GPR reaction	Not assignable reaction-by-reaction from available summary log; see gapseq gap-filling provenance file.	True	0.0	-0.0	-1000.0	1000.0
rxn06527_c0	glutathione:protein-disulfide oxidoreductase	unresolved non-GPR reaction	Not assignable reaction-by-reaction from available summary log; see gapseq gap-filling provenance file.	True	0.0	-0.0	-1000.0	1000.0
rxn06673_c0	Acetyl-CoA:carbon-dioxide ligase (ADP-forming)	unresolved non-GPR reaction	Not assignable reaction-by-reaction from available summary log; see gapseq gap-filling provenance file.	False	0.0	49.25000000000096	0.0	1000.0
rxn08196_c0	TRANS-RXN0-244.cp	transport reaction	Not assignable reaction-by-reaction from available summary log; see gapseq gap-filling provenance file.	False	-65.6666666666667	39.4	-1000.0	1000.0
rxn08335_c0	(S)-dihydroorotate:quinone oxidoreductase	unresolved non-GPR reaction	Not assignable reaction-by-reaction from available summary log; see gapseq gap-filling provenance file.	False	0.0	10.756756756756744	0.0	1000.0
rxn08433_c0	R08158	unresolved non-GPR reaction	Not assignable reaction-by-reaction from available summary log; see gapseq gap-filling provenance file.	True	0.0	-0.0	0.0	1000.0
rxn08434_c0	R08159	unresolved non-GPR reaction	Not assignable reaction-by-reaction from available summary log; see gapseq gap-filling provenance file.	True	0.0	-0.0	0.0	1000.0
rxn08438_c0	R08157	unresolved non-GPR reaction	Not assignable reaction-by-reaction from available summary log; see gapseq gap-filling provenance file.	True	0.0	-0.0	0.0	1000.0
rxn08670_c0	glutaredoxin reductase	unresolved non-GPR reaction	Not assignable reaction-by-reaction from available summary log; see gapseq gap-filling provenance file.	True	0.0	-0.0	-1000.0	1000.0
rxn08752_c0	Na+/myo-inositol symporter (periplasm)	transport reaction	Not assignable reaction-by-reaction from available summary log; see gapseq gap-filling provenance file.	False	-1000.0	1000.0	-1000.0	1000.0
rxn08861_c0	malonyl-[acyl-carrier-protein] carboxy-lyase	unresolved non-GPR reaction	Not assignable reaction-by-reaction from available summary log; see gapseq gap-filling provenance file.	False	0.0	49.25000000000096	0.0	1000.0
rxn09115_c0	heme-transporting ATPase	transport reaction	Not assignable reaction-by-reaction from available summary log; see gapseq gap-filling provenance file.	False	0.0	24.625	0.0	1000.0
rxn09456_c0	R08163	unresolved non-GPR reaction	Not assignable reaction-by-reaction from available summary log; see gapseq gap-filling provenance file.	True	0.0	-0.0	0.0	1000.0
rxn09681_c0	D-fructose transport in via proton symport	transport reaction	Not assignable reaction-by-reaction from available summary log; see gapseq gap-filling provenance file.	False	-45.00000000000004	-0.0	-1000.0	1000.0
rxn10822_c0	L-arabinose transport via ABC system	transport reaction	Not assignable reaction-by-reaction from available summary log; see gapseq gap-filling provenance file.	False	0.0	65.6666666666676	0.0	1000.0
rxn12440_c0	transport of xanthine [extraorganism-cytosol](secondary symport)	transport reaction	Not assignable reaction-by-reaction from available summary log; see gapseq gap-filling provenance file.	True	0.0	-0.0	-1000.0	1000.0
rxn12529_c0	TRANS-RXNAVI-26524.ce.brachyexp.GLYCEROL_GLYCEROL	transport reaction	Not assignable reaction-by-reaction from available summary log; see gapseq gap-filling provenance file.	False	0.0	169.0	0.0	1000.0
rxn12778_c0	adenine phosphoribosyltransferase	unresolved non-GPR reaction	Not assignable reaction-by-reaction from available summary log; see gapseq gap-filling provenance file.	True	0.0	-0.0	-1000.0	1000.0
rxn12781_c0	RXN-8583.c	unresolved non-GPR reaction	Not assignable reaction-by-reaction from available summary log; see gapseq gap-filling provenance file.	False	-1000.0	1000.0	-1000.0	1000.0
rxn12782_c0	RXN-8582.c	unresolved non-GPR reaction	Not assignable reaction-by-reaction from available summary log; see gapseq gap-filling provenance file.	False	-1000.0	1000.0	-1000.0	1000.0
rxn13203_c0	3-Methyl-2-oxobutanoate decarboxylase	unresolved non-GPR reaction	Not assignable reaction-by-reaction from available summary log; see gapseq gap-filling provenance file.	True	0.0	-0.0	-1000.0	0.0
rxn13209_c0	RXN-7692.c	unresolved non-GPR reaction	Not assignable reaction-by-reaction from available summary log; see gapseq gap-filling provenance file.	True	0.0	-0.0	0.0	1000.0
rxn13771_c0	rxn13771	unresolved non-GPR reaction	Not assignable reaction-by-reaction from available summary log; see gapseq gap-filling provenance file.	True	0.0	-0.0	0.0	1000.0
rxn13773_c0	Isopentenyl phosphate isomerase	unresolved non-GPR reaction	Not assignable reaction-by-reaction from available summary log; see gapseq gap-filling provenance file.	True	0.0	-0.0	-1000.0	1000.0
rxn15114_c0	D-ribose-5-phosphate aldose-ketose-isomerase	unresolved non-GPR reaction	Not assignable reaction-by-reaction from available summary log; see gapseq gap-filling provenance file.	False	-1000.0	1000.0	-1000.0	1000.0
rxn15964_c0	5,10-methylenetetrahydromethanopterin:glycine hydroxymethyltransferase	unresolved non-GPR reaction	Not assignable reaction-by-reaction from available summary log; see gapseq gap-filling provenance file.	True	0.0	-0.0	0.0	0.0
rxn34724_c0	RXN-9548.d	unresolved non-GPR reaction	Not assignable reaction-by-reaction from available summary log; see gapseq gap-filling provenance file.	True	0.0	-0.0	0.0	1000.0
rxn44493_c0	2-iminopropanoate deaminase	unresolved non-GPR reaction	Not assignable reaction-by-reaction from available summary log; see gapseq gap-filling provenance file.	True	0.0	-0.0	0.0	1000.0
rxn05319_c0	TRANS-RXNBWI-115401.ce.maizeexp.OH_OH	transport reaction	Not assignable reaction-by-reaction from available summary log; see gapseq gap-filling provenance file.	False	-63.19658119658106	26.5	-1000.0	1000.0
rxn05467_c0	CO2 transporter via diffusion	transport reaction	Not assignable reaction-by-reaction from available summary log; see gapseq gap-filling provenance file.	False	-63.11999999999989	24.05405405405412	-1000.0	1000.0
rxn05468_c0	TRANS-RXNAVI-26568.ce	transport reaction	Not assignable reaction-by-reaction from available summary log; see gapseq gap-filling provenance file.	True	0.0	-0.0	-1000.0	1000.0
rxn05481_c0	5-Methylthio-D-ribose transport in/out via proton symport	transport reaction	Not assignable reaction-by-reaction from available summary log; see gapseq gap-filling provenance file.	False	-4.210526315789489	-0.0	-1000.0	1000.0
rxn05634_c0	propionate transp or t in via proton symp or t	transport reaction	Not assignable reaction-by-reaction from available summary log; see gapseq gap-filling provenance file.	False	-36.8	-0.0	-1000.0	1000.0
rxn05667_c0	TRANS-RXN4LZ-7041.ce	transport reaction	Not assignable reaction-by-reaction from available summary log; see gapseq gap-filling provenance file.	True	0.0	-0.0	-1000.0	1000.0
rxn07919_c0	(R)-Propane-1,2-diol transport via diffusion (extracellular to periplasm)	transport reaction	Not assignable reaction-by-reaction from available summary log; see gapseq gap-filling provenance file.	True	0.0	-0.0	-1000.0	1000.0
rxn07921_c0	(S)-Propane-1,2-diol transport via diffusion (extracellular to periplasm)	transport reaction	Not assignable reaction-by-reaction from available summary log; see gapseq gap-filling provenance file.	True	0.0	-0.0	-1000.0	1000.0
rxn08032_c0	acetaldehyde transport via diffusion (extracellular to periplasm)	transport reaction	Not assignable reaction-by-reaction from available summary log; see gapseq gap-filling provenance file.	False	0.0	51.1538461538462	-1000.0	1000.0
rxn08276_c0	Cyanide transport via diffusion (extracellular to periplasm)	transport reaction	Not assignable reaction-by-reaction from available summary log; see gapseq gap-filling provenance file.	True	0.0	-0.0	-1000.0	1000.0
rxn08358_c0	Dimethyl sulfoxide transport via diffusion (extracellular to periplasm)	transport reaction	Not assignable reaction-by-reaction from available summary log; see gapseq gap-filling provenance file.	True	0.0	-0.0	-1000.0	1000.0
rxn08359_c0	Dimethyl sulfide transport via diffusion (extracellular to periplasm)	transport reaction	Not assignable reaction-by-reaction from available summary log; see gapseq gap-filling provenance file.	True	0.0	-0.0	-1000.0	1000.0
rxn08428_c0	ethanol transport via diffusion (extracellular to periplasm)	transport reaction	Not assignable reaction-by-reaction from available summary log; see gapseq gap-filling provenance file.	False	0.0	42.66666666666674	-1000.0	1000.0
rxn08461_c0	formaldehyde transport via diffusion (extracellular to periplasm)	transport reaction	Not assignable reaction-by-reaction from available summary log; see gapseq gap-filling provenance file.	True	0.0	-0.0	-1000.0	1000.0
rxn08635_c0	Glyceraldehyde transport via diffusion (extracellular to periplasm)	transport reaction	Not assignable reaction-by-reaction from available summary log; see gapseq gap-filling provenance file.	False	0.0	18.54838709677415	-1000.0	1000.0
rxn08685_c0	hydrogen peroxide transport via diffusion (external)	transport reaction	Not assignable reaction-by-reaction from available summary log; see gapseq gap-filling provenance file.	True	0.0	-0.0	-1000.0	1000.0
rxn08689_c0	h2s transport (periplasm)	transport reaction	Not assignable reaction-by-reaction from available summary log; see gapseq gap-filling provenance file.	False	0.0	17.64705882352939	-1000.0	1000.0
rxn08691_c0	hydrogen transport via diffusion (extracellular to periplasm)	transport reaction	Not assignable reaction-by-reaction from available summary log; see gapseq gap-filling provenance file.	True	0.0	-0.0	-1000.0	1000.0
rxn08751_c0	Indole transport via diffusion (extracellular to periplasm)	transport reaction	Not assignable reaction-by-reaction from available summary log; see gapseq gap-filling provenance file.	False	0.0	4.86206896551721	-1000.0	1000.0
rxn08956_c0	molybdate transport via diffusion (extracellular to periplasm)	transport reaction	Not assignable reaction-by-reaction from available summary log; see gapseq gap-filling provenance file.	False	0.0	49.25000000000002	-1000.0	1000.0
rxn08966_c0	nitrious oxide transport via diffusion (extracellular to periplasm)	transport reaction	Not assignable reaction-by-reaction from available summary log; see gapseq gap-filling provenance file.	True	0.0	-0.0	-1000.0	1000.0
rxn09008_c0	nitric oxide transport via diffusion (extracellular to periplasm)	transport reaction	Not assignable reaction-by-reaction from available summary log; see gapseq gap-filling provenance file.	True	0.0	-0.0	-1000.0	1000.0
rxn09169_c0	propanal transport via diffusion (extracellular to periplasm)	transport reaction	Not assignable reaction-by-reaction from available summary log; see gapseq gap-filling provenance file.	True	0.0	-0.0	-1000.0	1000.0
rxn09317_c0	Trimethylamine N-oxide transport via diffusion (extracellular to periplasm)	transport reaction	Not assignable reaction-by-reaction from available summary log; see gapseq gap-filling provenance file.	True	0.0	-0.0	-1000.0	1000.0
rxn10470_c0	Methanethiol Transport	transport reaction	Not assignable reaction-by-reaction from available summary log; see gapseq gap-filling provenance file.	False	-14.083333333333377	-0.0	-1000.0	1000.0
rxn10471_c0	Methane Transport	transport reaction	Not assignable reaction-by-reaction from available summary log; see gapseq gap-filling provenance file.	True	0.0	-0.0	-1000.0	1000.0
rxn10480_c0	CO transporter via diffusion	transport reaction	Not assignable reaction-by-reaction from available summary log; see gapseq gap-filling provenance file.	False	0.0	45.27272727272727	-1000.0	1000.0
rxn10570_c0	Methanol diffusion	transport reaction	Not assignable reaction-by-reaction from available summary log; see gapseq gap-filling provenance file.	True	0.0	-0.0	-1000.0	1000.0
rxn10577_c0	Nitrogen exchange, diffusion	transport reaction	Not assignable reaction-by-reaction from available summary log; see gapseq gap-filling provenance file.	True	0.0	-0.0	-1000.0	1000.0
rxn31154_c0	R_Ex16	transport reaction	Not assignable reaction-by-reaction from available summary log; see gapseq gap-filling provenance file.	True	0.0	-0.0	-1000.0	1000.0
rxn39175_c0	TrnRxn_cpd03662	transport reaction	Not assignable reaction-by-reaction from available summary log; see gapseq gap-filling provenance file.	False	0.0	22.66666666666663	-1000.0	1000.0
rxn90022_c0	Acetone diffusion	transport reaction	Not assignable reaction-by-reaction from available summary log; see gapseq gap-filling provenance file.	True	0.0	-0.0	-1000.0	1000.0
rxn90023_c0		transport reaction	Not assignable reaction-by-reaction from available summary log; see gapseq gap-filling provenance file.	True	0.0	-0.0	-1000.0	1000.0
rxn90147_c0	skatole diffusion	transport reaction	Not assignable reaction-by-reaction from available summary log; see gapseq gap-filling provenance file.	False	-3.9375	-0.0	-1000.0	1000.0
EX_cpd00009_e0	Phosphate-e0 Exchange	exchange reaction	Not assignable reaction-by-reaction from available summary log; see gapseq gap-filling provenance file.	False	-17.23076923076917	-2.273736754432321e-13	-1000.0	1000.0
EX_cpd00023_e0	L-Glutamate-e0 Exchange	exchange reaction	Not assignable reaction-by-reaction from available summary log; see gapseq gap-filling provenance file.	False	0.0	16.49275362318849	0.0	1000.0
EX_cpd00027_e0	D-Glucose-e0 Exchange	exchange reaction	Not assignable reaction-by-reaction from available summary log; see gapseq gap-filling provenance file.	False	-10.0	-0.0	-10.0	1000.0
EX_cpd00028_e0	Heme-e0 Exchange	exchange reaction	Not assignable reaction-by-reaction from available summary log; see gapseq gap-filling provenance file.	False	0.0	1.2258326563769288	0.0	1000.0
EX_cpd00030_e0	Mn2+-e0 Exchange	exchange reaction	Not assignable reaction-by-reaction from available summary log; see gapseq gap-filling provenance file.	False	-0.0051097278042779	-0.0	-1000.0	1000.0
EX_cpd00034_e0	Zn2+-e0 Exchange	exchange reaction	Not assignable reaction-by-reaction from available summary log; see gapseq gap-filling provenance file.	False	-0.0051097278042775	-0.0	-1000.0	1000.0
EX_cpd00039_e0	L-Lysine-e0 Exchange	exchange reaction	Not assignable reaction-by-reaction from available summary log; see gapseq gap-filling provenance file.	False	-2.0	14.411764705882351	-2.0	1000.0
EX_cpd00041_e0	L-Aspartate-e0 Exchange	exchange reaction	Not assignable reaction-by-reaction from available summary log; see gapseq gap-filling provenance file.	False	-2.0	28.80645161290317	-2.0	1000.0
EX_cpd00048_e0	Sulfate-e0 Exchange	exchange reaction	Not assignable reaction-by-reaction from available summary log; see gapseq gap-filling provenance file.	False	-19.52173913043478	-0.0	-1000.0	1000.0
EX_cpd00051_e0	L-Arginine-e0 Exchange	exchange reaction	Not assignable reaction-by-reaction from available summary log; see gapseq gap-filling provenance file.	False	0.0	8.142857142857144	0.0	1000.0
EX_cpd00053_e0	L-Glutamine-e0 Exchange	exchange reaction	Not assignable reaction-by-reaction from available summary log; see gapseq gap-filling provenance file.	False	0.0	12.97826086956502	0.0	1000.0
EX_cpd00064_e0	Ornithine-e0 Exchange	exchange reaction	Not assignable reaction-by-reaction from available summary log; see gapseq gap-filling provenance file.	False	0.0	13.645161290322582	0.0	1000.0
EX_cpd00080_e0	Glycerol-3-phosphate-e0 Exchange	exchange reaction	Not assignable reaction-by-reaction from available summary log; see gapseq gap-filling provenance file.	False	0.0	17.23076923076936	0.0	1000.0
EX_cpd00098_e0	Choline-e0 Exchange	exchange reaction	Not assignable reaction-by-reaction from available summary log; see gapseq gap-filling provenance file.	True	0.0	-0.0	0.0	1000.0
EX_cpd00118_e0	Putrescine-e0 Exchange	exchange reaction	Not assignable reaction-by-reaction from available summary log; see gapseq gap-filling provenance file.	False	0.0	12.818181818181822	0.0	1000.0
EX_cpd00119_e0	L-Histidine-e0 Exchange	exchange reaction	Not assignable reaction-by-reaction from available summary log; see gapseq gap-filling provenance file.	False	-0.0629960653931432	4.680781758957656	-2.0	1000.0
EX_cpd00129_e0	L-Proline-e0 Exchange	exchange reaction	Not assignable reaction-by-reaction from available summary log; see gapseq gap-filling provenance file.	False	0.0	18.39130434782609	0.0	1000.0
EX_cpd00149_e0	Co2+-e0 Exchange	exchange reaction	Not assignable reaction-by-reaction from available summary log; see gapseq gap-filling provenance file.	False	-0.0051097278042775	-0.0	-1000.0	1000.0
EX_cpd00156_e0	L-Valine-e0 Exchange	exchange reaction	Not assignable reaction-by-reaction from available summary log; see gapseq gap-filling provenance file.	False	0.0	20.76923076923072	0.0	1000.0
EX_cpd00161_e0	L-Threonine-e0 Exchange	exchange reaction	Not assignable reaction-by-reaction from available summary log; see gapseq gap-filling provenance file.	False	0.0	19.78947368421052	0.0	1000.0
EX_cpd00179_e0	Maltose-e0 Exchange	exchange reaction	Not assignable reaction-by-reaction from available summary log; see gapseq gap-filling provenance file.	True	0.0	-0.0	0.0	1000.0
EX_cpd00224_e0	L-Arabinose-e0 Exchange	exchange reaction	Not assignable reaction-by-reaction from available summary log; see gapseq gap-filling provenance file.	True	0.0	-0.0	0.0	1000.0
EX_cpd00244_e0	Ni2+-e0 Exchange	exchange reaction	Not assignable reaction-by-reaction from available summary log; see gapseq gap-filling provenance file.	True	0.0	-0.0	0.0	1000.0
EX_cpd00264_e0	Spermidine-e0 Exchange	exchange reaction	Not assignable reaction-by-reaction from available summary log; see gapseq gap-filling provenance file.	False	0.0	4.210526315789474	0.0	1000.0
EX_cpd00268_e0	H2S2O3-e0 Exchange	exchange reaction	Not assignable reaction-by-reaction from available summary log; see gapseq gap-filling provenance file.	True	0.0	-0.0	0.0	1000.0
EX_cpd03724_e0	Ferrichrome-e0 Exchange	exchange reaction	Not assignable reaction-by-reaction from available summary log; see gapseq gap-filling provenance file.	True	0.0	-0.0	0.0	1000.0
EX_cpd10516_e0	fe3-e0 Exchange	exchange reaction	Not assignable reaction-by-reaction from available summary log; see gapseq gap-filling provenance file.	False	-0.0051097278042779	-0.0	-1000.0	1000.0
EX_cpd00067_e0	H+-e0 Exchange	exchange reaction	Not assignable reaction-by-reaction from available summary log; see gapseq gap-filling provenance file.	False	-68.87209302325596	49.57894736842054	-1000.0	1000.0
EX_cpd00092_e0	Uracil-e0 Exchange	exchange reaction	Not assignable reaction-by-reaction from available summary log; see gapseq gap-filling provenance file.	False	0.0	13.105263157894685	0.0	1000.0
EX_cpd00309_e0	XAN-e0 Exchange	exchange reaction	Not assignable reaction-by-reaction from available summary log; see gapseq gap-filling provenance file.	False	0.0	4.049019607843141	0.0	1000.0
EX_cpd00311_e0	Guanosine-e0 Exchange	exchange reaction	Not assignable reaction-by-reaction from available summary log; see gapseq gap-filling provenance file.	False	0.0	2.7968397291196383	0.0	1000.0
EX_cpd00130_e0	L-Malate-e0 Exchange	exchange reaction	Not assignable reaction-by-reaction from available summary log; see gapseq gap-filling provenance file.	False	0.0	31.0	0.0	1000.0
EX_cpd00971_e0	Na+-e0 Exchange	exchange reaction	Not assignable reaction-by-reaction from available summary log; see gapseq gap-filling provenance file.	True	0.0	-0.0	-1000.0	1000.0
EX_cpd00035_e0	L-Alanine-e0 Exchange	exchange reaction	Not assignable reaction-by-reaction from available summary log; see gapseq gap-filling provenance file.	False	0.0	31.0	0.0	1000.0
EX_cpd00060_e0	L-Methionine-e0 Exchange	exchange reaction	Not assignable reaction-by-reaction from available summary log; see gapseq gap-filling provenance file.	False	-2.0	10.112149532710418	-2.0	1000.0
EX_cpd00104_e0	BIOT-e0 Exchange	exchange reaction	Not assignable reaction-by-reaction from available summary log; see gapseq gap-filling provenance file.	True	0.0	-0.0	-1.0	1000.0
EX_cpd00084_e0	L-Cysteine-e0 Exchange	exchange reaction	Not assignable reaction-by-reaction from available summary log; see gapseq gap-filling provenance file.	False	-2.0	9.941176470588289	-2.0	1000.0
EX_cpd00107_e0	L-Leucine-e0 Exchange	exchange reaction	Not assignable reaction-by-reaction from available summary log; see gapseq gap-filling provenance file.	False	0.0	16.0	0.0	1000.0
EX_cpd00322_e0	L-Isoleucine-e0 Exchange	exchange reaction	Not assignable reaction-by-reaction from available summary log; see gapseq gap-filling provenance file.	False	0.0	15.59090909090935	0.0	1000.0
EX_cpd00069_e0	L-Tyrosine-e0 Exchange	exchange reaction	Not assignable reaction-by-reaction from available summary log; see gapseq gap-filling provenance file.	False	0.0	5.590308370043999	0.0	1000.0
EX_cpd00066_e0	L-Phenylalanine-e0 Exchange	exchange reaction	Not assignable reaction-by-reaction from available summary log; see gapseq gap-filling provenance file.	False	0.0	5.821100917431181	0.0	1000.0
EX_cpd00054_e0	L-Serine-e0 Exchange	exchange reaction	Not assignable reaction-by-reaction from available summary log; see gapseq gap-filling provenance file.	False	0.0	22.399999999999977	0.0	1000.0
EX_cpd00013_e0	NH3-e0 Exchange	exchange reaction	Not assignable reaction-by-reaction from available summary log; see gapseq gap-filling provenance file.	False	-36.03225806451599	12.0	-1000.0	1000.0
EX_cpd00020_e0	Pyruvate-e0 Exchange	exchange reaction	Not assignable reaction-by-reaction from available summary log; see gapseq gap-filling provenance file.	False	0.0	30.210526315789597	0.0	1000.0
EX_cpd00139_e0	Glycolate-e0 Exchange	exchange reaction	Not assignable reaction-by-reaction from available summary log; see gapseq gap-filling provenance file.	False	0.0	0.0071185407924376	0.0	1000.0
EX_cpd00122_e0	N-Acetyl-D-glucosamine-e0 Exchange	exchange reaction	Not assignable reaction-by-reaction from available summary log; see gapseq gap-filling provenance file.	True	0.0	-0.0	0.0	1000.0
EX_cpd00029_e0	Acetate-e0 Exchange	exchange reaction	Not assignable reaction-by-reaction from available summary log; see gapseq gap-filling provenance file.	False	-5.0	58.18181818181802	-5.0	1000.0
EX_cpd00117_e0	D-Alanine-e0 Exchange	exchange reaction	Not assignable reaction-by-reaction from available summary log; see gapseq gap-filling provenance file.	False	0.0	31.0	0.0	1000.0
EX_cpd04098_e0	Arsenite-e0 Exchange	exchange reaction	Not assignable reaction-by-reaction from available summary log; see gapseq gap-filling provenance file.	True	0.0	-0.0	0.0	1000.0
EX_cpd00132_e0	L-Asparagine-e0 Exchange	exchange reaction	Not assignable reaction-by-reaction from available summary log; see gapseq gap-filling provenance file.	False	0.0	11.68292682926824	0.0	1000.0
EX_cpd00063_e0	Ca2+-e0 Exchange	exchange reaction	Not assignable reaction-by-reaction from available summary log; see gapseq gap-filling provenance file.	False	-0.0051097278042778	-0.0	-1000.0	1000.0
EX_cpd01012_e0	Cd2+-e0 Exchange	exchange reaction	Not assignable reaction-by-reaction from available summary log; see gapseq gap-filling provenance file.	True	0.0	-0.0	0.0	1000.0
EX_cpd00058_e0	Cu2+-e0 Exchange	exchange reaction	Not assignable reaction-by-reaction from available summary log; see gapseq gap-filling provenance file.	False	-0.0051097278042775	-0.0	-1000.0	1000.0
EX_cpd10515_e0	Fe2+-e0 Exchange	exchange reaction	Not assignable reaction-by-reaction from available summary log; see gapseq gap-filling provenance file.	False	-1.2258326563769275	-0.0	-1000.0	1000.0
EX_cpd00047_e0	Formate-e0 Exchange	exchange reaction	Not assignable reaction-by-reaction from available summary log; see gapseq gap-filling provenance file.	False	0.0	46.18181818181802	0.0	1000.0
EX_cpd00082_e0	D-Fructose-e0 Exchange	exchange reaction	Not assignable reaction-by-reaction from available summary log; see gapseq gap-filling provenance file.	False	0.0	11.916666666666668	0.0	1000.0
EX_cpd00106_e0	Fumarate-e0 Exchange	exchange reaction	Not assignable reaction-by-reaction from available summary log; see gapseq gap-filling provenance file.	False	0.0	31.0	0.0	1000.0
EX_cpd00281_e0	GABA-e0 Exchange	exchange reaction	Not assignable reaction-by-reaction from available summary log; see gapseq gap-filling provenance file.	False	0.0	10.944444444444484	0.0	1000.0
EX_cpd00108_e0	Galactose-e0 Exchange	exchange reaction	Not assignable reaction-by-reaction from available summary log; see gapseq gap-filling provenance file.	True	0.0	-0.0	0.0	1000.0
EX_cpd00276_e0	GLUM-e0 Exchange	exchange reaction	Not assignable reaction-by-reaction from available summary log; see gapseq gap-filling provenance file.	True	0.0	-0.0	0.0	1000.0
EX_cpd00222_e0	GLCN-e0 Exchange	exchange reaction	Not assignable reaction-by-reaction from available summary log; see gapseq gap-filling provenance file.	False	0.0	11.349206349206328	0.0	1000.0
EX_cpd00609_e0	D-Glucarate-e0 Exchange	exchange reaction	Not assignable reaction-by-reaction from available summary log; see gapseq gap-filling provenance file.	True	0.0	-0.0	0.0	1000.0
EX_cpd00100_e0	Glycerol-e0 Exchange	exchange reaction	Not assignable reaction-by-reaction from available summary log; see gapseq gap-filling provenance file.	False	0.0	20.0	0.0	1000.0
EX_cpd00033_e0	Glycine-e0 Exchange	exchange reaction	Not assignable reaction-by-reaction from available summary log; see gapseq gap-filling provenance file.	False	-2.0	25.05882352941171	-2.0	1000.0
EX_cpd00121_e0	L-Inositol-e0 Exchange	exchange reaction	Not assignable reaction-by-reaction from available summary log; see gapseq gap-filling provenance file.	True	0.0	-0.0	0.0	1000.0
EX_cpd00205_e0	K+-e0 Exchange	exchange reaction	Not assignable reaction-by-reaction from available summary log; see gapseq gap-filling provenance file.	False	-0.0051097278043243	-0.0	-1000.0	1000.0
EX_cpd00208_e0	LACT-e0 Exchange	exchange reaction	Not assignable reaction-by-reaction from available summary log; see gapseq gap-filling provenance file.	True	0.0	-0.0	0.0	1000.0
EX_cpd00159_e0	L-Lactate-e0 Exchange	exchange reaction	Not assignable reaction-by-reaction from available summary log; see gapseq gap-filling provenance file.	False	-10.0	27.375	-10.0	1000.0
EX_cpd01262_e0	Amylotriose-e0 Exchange	exchange reaction	Not assignable reaction-by-reaction from available summary log; see gapseq gap-filling provenance file.	True	0.0	-0.0	0.0	1000.0
EX_cpd03198_e0	Melibiose-e0 Exchange	exchange reaction	Not assignable reaction-by-reaction from available summary log; see gapseq gap-filling provenance file.	True	0.0	-0.0	0.0	1000.0
EX_cpd00314_e0	D-Mannitol-e0 Exchange	exchange reaction	Not assignable reaction-by-reaction from available summary log; see gapseq gap-filling provenance file.	True	0.0	-0.0	0.0	1000.0
EX_cpd11574_e0	Molybdate-e0 Exchange	exchange reaction	Not assignable reaction-by-reaction from available summary log; see gapseq gap-filling provenance file.	True	0.0	-0.0	0.0	1000.0
EX_cpd01132_e0	Puromycin-e0 Exchange	exchange reaction	Not assignable reaction-by-reaction from available summary log; see gapseq gap-filling provenance file.	True	0.0	-0.0	0.0	1000.0
EX_cpd00396_e0	L-Rhamnose-e0 Exchange	exchange reaction	Not assignable reaction-by-reaction from available summary log; see gapseq gap-filling provenance file.	True	0.0	-0.0	0.0	1000.0
EX_cpd00588_e0	Sorbitol-e0 Exchange	exchange reaction	Not assignable reaction-by-reaction from available summary log; see gapseq gap-filling provenance file.	False	0.0	12.333333333333334	0.0	1000.0
EX_cpd00550_e0	D-Serine-e0 Exchange	exchange reaction	Not assignable reaction-by-reaction from available summary log; see gapseq gap-filling provenance file.	False	0.0	22.399999999999967	0.0	1000.0
EX_cpd00036_e0	Succinate-e0 Exchange	exchange reaction	Not assignable reaction-by-reaction from available summary log; see gapseq gap-filling provenance file.	False	0.0	29.294117647058822	0.0	1000.0
EX_cpd00076_e0	Sucrose-e0 Exchange	exchange reaction	Not assignable reaction-by-reaction from available summary log; see gapseq gap-filling provenance file.	True	0.0	-0.0	0.0	1000.0
EX_cpd00065_e0	L-Tryptophan-e0 Exchange	exchange reaction	Not assignable reaction-by-reaction from available summary log; see gapseq gap-filling provenance file.	False	0.0	4.1603773584908	0.0	1000.0
EX_cpd00154_e0	Xylose-e0 Exchange	exchange reaction	Not assignable reaction-by-reaction from available summary log; see gapseq gap-filling provenance file.	True	0.0	-0.0	0.0	1000.0
EX_cpd00221_e0	D-Lactate-e0 Exchange	exchange reaction	Not assignable reaction-by-reaction from available summary log; see gapseq gap-filling provenance file.	False	0.0	31.0	0.0	1000.0
EX_cpd00653_e0	D-Galactonate-e0 Exchange	exchange reaction	Not assignable reaction-by-reaction from available summary log; see gapseq gap-filling provenance file.	True	0.0	-0.0	0.0	1000.0
EX_cpd00531_e0	Hg2+-e0 Exchange	exchange reaction	Not assignable reaction-by-reaction from available summary log; see gapseq gap-filling provenance file.	True	0.0	-0.0	0.0	1000.0
EX_cpd00573_e0	L-Idonate-e0 Exchange	exchange reaction	Not assignable reaction-by-reaction from available summary log; see gapseq gap-filling provenance file.	False	0.0	11.34920634920635	0.0	1000.0
EX_cpd01399_e0	Maltotetraose-e0 Exchange	exchange reaction	Not assignable reaction-by-reaction from available summary log; see gapseq gap-filling provenance file.	True	0.0	-0.0	0.0	1000.0
EX_cpd00254_e0	Mg-e0 Exchange	exchange reaction	Not assignable reaction-by-reaction from available summary log; see gapseq gap-filling provenance file.	False	-0.0051097278042779	-0.0	-1000.0	1000.0
EX_cpd00017_e0	S-Adenosyl-L-methionine-e0 Exchange	exchange reaction	Not assignable reaction-by-reaction from available summary log; see gapseq gap-filling provenance file.	False	0.0	2.531620553359744	0.0	1000.0
EX_cpd04097_e0	Pb-e0 Exchange	exchange reaction	Not assignable reaction-by-reaction from available summary log; see gapseq gap-filling provenance file.	True	0.0	-0.0	0.0	1000.0
EX_cpd00185_e0	D-Arabinose-e0 Exchange	exchange reaction	Not assignable reaction-by-reaction from available summary log; see gapseq gap-filling provenance file.	True	0.0	-0.0	0.0	1000.0
EX_cpd15494_e0	Maltoheptaose-e0 Exchange	exchange reaction	Not assignable reaction-by-reaction from available summary log; see gapseq gap-filling provenance file.	True	0.0	-0.0	0.0	1000.0
EX_cpd00794_e0	TRHL-e0 Exchange	exchange reaction	Not assignable reaction-by-reaction from available summary log; see gapseq gap-filling provenance file.	True	0.0	-0.0	0.0	1000.0
EX_cpd11976_e0	Maltodextrin-e0 Exchange	exchange reaction	Not assignable reaction-by-reaction from available summary log; see gapseq gap-filling provenance file.	True	0.0	-0.0	0.0	1000.0
EX_cpd00153_e0	Benzoate-e0 Exchange	exchange reaction	Not assignable reaction-by-reaction from available summary log; see gapseq gap-filling provenance file.	True	0.0	-0.0	0.0	1000.0
EX_cpd00306_e0	Xylitol-e0 Exchange	exchange reaction	Not assignable reaction-by-reaction from available summary log; see gapseq gap-filling provenance file.	True	0.0	-0.0	0.0	1000.0
EX_cpd00210_e0	Taurine-e0 Exchange	exchange reaction	Not assignable reaction-by-reaction from available summary log; see gapseq gap-filling provenance file.	False	0.0	17.74074074074074	0.0	1000.0
EX_cpd00380_e0	Itaconate-e0 Exchange	exchange reaction	Not assignable reaction-by-reaction from available summary log; see gapseq gap-filling provenance file.	True	0.0	-0.0	0.0	1000.0
EX_cpd00152_e0	Agmatine-e0 Exchange	exchange reaction	Not assignable reaction-by-reaction from available summary log; see gapseq gap-filling provenance file.	False	0.0	7.528301886792451	0.0	1000.0
EX_cpd00158_e0	CELB-e0 Exchange	exchange reaction	Not assignable reaction-by-reaction from available summary log; see gapseq gap-filling provenance file.	True	0.0	-0.0	0.0	1000.0
EX_cpd00180_e0	Oxalate-e0 Exchange	exchange reaction	Not assignable reaction-by-reaction from available summary log; see gapseq gap-filling provenance file.	False	0.0	0.007118794804569	0.0	1000.0
EX_cpd00138_e0	D-Mannose-e0 Exchange	exchange reaction	Not assignable reaction-by-reaction from available summary log; see gapseq gap-filling provenance file.	True	0.0	-0.0	0.0	1000.0
EX_cpd01133_e0	Stachyose-e0 Exchange	exchange reaction	Not assignable reaction-by-reaction from available summary log; see gapseq gap-filling provenance file.	True	0.0	-0.0	0.0	1000.0
EX_cpd04065_e0	Clavulanate-e0 Exchange	exchange reaction	Not assignable reaction-by-reaction from available summary log; see gapseq gap-filling provenance file.	True	0.0	-0.0	0.0	1000.0
EX_cpd00038_e0	GTP-e0 Exchange	exchange reaction	Not assignable reaction-by-reaction from available summary log; see gapseq gap-filling provenance file.	False	0.0	2.3690476190476195	0.0	1000.0
EX_cpd02733_e0	Deoxycholate-e0 Exchange	exchange reaction	Not assignable reaction-by-reaction from available summary log; see gapseq gap-filling provenance file.	True	0.0	-0.0	0.0	1000.0
EX_cpd01354_e0	beta-Lactose-e0 Exchange	exchange reaction	Not assignable reaction-by-reaction from available summary log; see gapseq gap-filling provenance file.	True	0.0	-0.0	0.0	1000.0
EX_cpd03808_e0	Lacto-N-biose-e0 Exchange	exchange reaction	Not assignable reaction-by-reaction from available summary log; see gapseq gap-filling provenance file.	True	0.0	-0.0	0.0	1000.0
EX_cpd00393_e0	Folate-e0 Exchange	exchange reaction	Not assignable reaction-by-reaction from available summary log; see gapseq gap-filling provenance file.	True	0.0	-0.0	0.0	1000.0
EX_cpd90008_e0	Maltotridecaose-e0 Exchange	exchange reaction	Not assignable reaction-by-reaction from available summary log; see gapseq gap-filling provenance file.	True	0.0	-0.0	0.0	1000.0
EX_cpd00001_e0	H2O-e0 Exchange	exchange reaction	Not assignable reaction-by-reaction from available summary log; see gapseq gap-filling provenance file.	False	-26.5	63.19658119658106	-1000.0	1000.0
EX_cpd90005_e0	Maltooctaose-e0 Exchange	exchange reaction	Not assignable reaction-by-reaction from available summary log; see gapseq gap-filling provenance file.	True	0.0	-0.0	0.0	1000.0
EX_cpd90007_e0	Maltohexaose-e0 Exchange	exchange reaction	Not assignable reaction-by-reaction from available summary log; see gapseq gap-filling provenance file.	True	0.0	-0.0	0.0	1000.0
EX_cpd90006_e0	Maltoundecaose-e0 Exchange	exchange reaction	Not assignable reaction-by-reaction from available summary log; see gapseq gap-filling provenance file.	True	0.0	-0.0	0.0	1000.0
EX_cpd22614_e0	sulfoquinovose-e0 Exchange	exchange reaction	Not assignable reaction-by-reaction from available summary log; see gapseq gap-filling provenance file.	True	0.0	-0.0	0.0	1000.0
EX_cpd31356_e0	(S)-2,3-Dihydroxypropane-1-sulfonate-e0 Exchange	exchange reaction	Not assignable reaction-by-reaction from available summary log; see gapseq gap-filling provenance file.	True	0.0	-0.0	0.0	1000.0
EX_cpd00011_e0	CO2-e0 Exchange	exchange reaction	Not assignable reaction-by-reaction from available summary log; see gapseq gap-filling provenance file.	False	-24.05405405405412	63.11999999999989	-1000.0	1000.0
EX_cpd00007_e0	O2-e0 Exchange	exchange reaction	Not assignable reaction-by-reaction from available summary log; see gapseq gap-filling provenance file.	True	0.0	-0.0	-0.0	1000.0
EX_cpd01981_e0	5-Methylthio-D-ribose-e0 Exchange	exchange reaction	Not assignable reaction-by-reaction from available summary log; see gapseq gap-filling provenance file.	False	0.0	4.210526315789489	0.0	1000.0
EX_cpd00141_e0	Propionate-e0 Exchange	exchange reaction	Not assignable reaction-by-reaction from available summary log; see gapseq gap-filling provenance file.	False	0.0	36.8	0.0	1000.0
EX_cpd00073_e0	Urea-e0 Exchange	exchange reaction	Not assignable reaction-by-reaction from available summary log; see gapseq gap-filling provenance file.	True	0.0	-0.0	0.0	1000.0
EX_cpd01861_e0	(R)-1,2-Propanediol-e0 Exchange	exchange reaction	Not assignable reaction-by-reaction from available summary log; see gapseq gap-filling provenance file.	True	0.0	-0.0	0.0	1000.0
EX_cpd00453_e0	1,2-Propanediol-e0 Exchange	exchange reaction	Not assignable reaction-by-reaction from available summary log; see gapseq gap-filling provenance file.	True	0.0	-0.0	0.0	1000.0
EX_cpd00071_e0	Acetaldehyde-e0 Exchange	exchange reaction	Not assignable reaction-by-reaction from available summary log; see gapseq gap-filling provenance file.	False	0.0	51.1538461538462	0.0	1000.0
EX_cpd00150_e0	HCN-e0 Exchange	exchange reaction	Not assignable reaction-by-reaction from available summary log; see gapseq gap-filling provenance file.	True	0.0	-0.0	0.0	1000.0
EX_cpd08021_e0	DMSO-e0 Exchange	exchange reaction	Not assignable reaction-by-reaction from available summary log; see gapseq gap-filling provenance file.	True	0.0	-0.0	0.0	1000.0
EX_cpd00450_e0	Methyl sulfide-e0 Exchange	exchange reaction	Not assignable reaction-by-reaction from available summary log; see gapseq gap-filling provenance file.	True	0.0	-0.0	0.0	1000.0
EX_cpd00363_e0	Ethanol-e0 Exchange	exchange reaction	Not assignable reaction-by-reaction from available summary log; see gapseq gap-filling provenance file.	False	0.0	42.66666666666674	0.0	1000.0
EX_cpd00055_e0	Formaldehyde-e0 Exchange	exchange reaction	Not assignable reaction-by-reaction from available summary log; see gapseq gap-filling provenance file.	True	0.0	-0.0	0.0	1000.0
EX_cpd00448_e0	D-Glyceraldehyde-e0 Exchange	exchange reaction	Not assignable reaction-by-reaction from available summary log; see gapseq gap-filling provenance file.	False	0.0	18.54838709677415	0.0	1000.0
EX_cpd00025_e0	H2O2-e0 Exchange	exchange reaction	Not assignable reaction-by-reaction from available summary log; see gapseq gap-filling provenance file.	True	0.0	-0.0	0.0	1000.0
EX_cpd00239_e0	H2S-e0 Exchange	exchange reaction	Not assignable reaction-by-reaction from available summary log; see gapseq gap-filling provenance file.	False	0.0	17.64705882352939	0.0	1000.0
EX_cpd11640_e0	H2-e0 Exchange	exchange reaction	Not assignable reaction-by-reaction from available summary log; see gapseq gap-filling provenance file.	True	0.0	-0.0	0.0	1000.0
EX_cpd00359_e0	indol-e0 Exchange	exchange reaction	Not assignable reaction-by-reaction from available summary log; see gapseq gap-filling provenance file.	False	0.0	4.86206896551721	0.0	1000.0
EX_cpd00659_e0	Nitrous oxide-e0 Exchange	exchange reaction	Not assignable reaction-by-reaction from available summary log; see gapseq gap-filling provenance file.	True	0.0	-0.0	0.0	1000.0
EX_cpd00418_e0	NO-e0 Exchange	exchange reaction	Not assignable reaction-by-reaction from available summary log; see gapseq gap-filling provenance file.	True	0.0	-0.0	0.0	1000.0
EX_cpd00371_e0	Propanal-e0 Exchange	exchange reaction	Not assignable reaction-by-reaction from available summary log; see gapseq gap-filling provenance file.	True	0.0	-0.0	0.0	1000.0
EX_cpd00811_e0	(CH3)3NO-e0 Exchange	exchange reaction	Not assignable reaction-by-reaction from available summary log; see gapseq gap-filling provenance file.	True	0.0	-0.0	0.0	1000.0
EX_cpd00324_e0	MTTL-e0 Exchange	exchange reaction	Not assignable reaction-by-reaction from available summary log; see gapseq gap-filling provenance file.	False	0.0	14.083333333333377	0.0	1000.0
EX_cpd01024_e0	Methane-e0 Exchange	exchange reaction	Not assignable reaction-by-reaction from available summary log; see gapseq gap-filling provenance file.	True	0.0	-0.0	0.0	1000.0
EX_cpd00204_e0	CO-e0 Exchange	exchange reaction	Not assignable reaction-by-reaction from available summary log; see gapseq gap-filling provenance file.	False	0.0	45.27272727272727	0.0	1000.0
EX_cpd00116_e0	Methanol-e0 Exchange	exchange reaction	Not assignable reaction-by-reaction from available summary log; see gapseq gap-filling provenance file.	True	0.0	-0.0	0.0	1000.0
EX_cpd00528_e0	N2-e0 Exchange	exchange reaction	Not assignable reaction-by-reaction from available summary log; see gapseq gap-filling provenance file.	True	0.0	-0.0	0.0	1000.0
EX_cpd11632_e0	hn-e0 Exchange	exchange reaction	Not assignable reaction-by-reaction from available summary log; see gapseq gap-filling provenance file.	True	0.0	-0.0	0.0	1000.0
EX_cpd03662_e0	n-Butanol-e0 Exchange	exchange reaction	Not assignable reaction-by-reaction from available summary log; see gapseq gap-filling provenance file.	False	0.0	22.66666666666663	0.0	1000.0
EX_cpd00178_e0	Acetone-e0 Exchange	exchange reaction	Not assignable reaction-by-reaction from available summary log; see gapseq gap-filling provenance file.	True	0.0	-0.0	0.0	1000.0
EX_cpd01618_e0	1,3-Propanediol-e0 Exchange	exchange reaction	Not assignable reaction-by-reaction from available summary log; see gapseq gap-filling provenance file.	True	0.0	-0.0	0.0	1000.0
EX_cpd05228_e0	Skatole-e0 Exchange	exchange reaction	Not assignable reaction-by-reaction from available summary log; see gapseq gap-filling provenance file.	False	0.0	3.9375	0.0	1000.0
rxn05683_c0	Butyrate transport via proton symport, reversible	transport reaction	Not assignable reaction-by-reaction from available summary log; see gapseq gap-filling provenance file.	False	-27.2	-0.0	-1000.0	1000.0
bio1	Bacterial Gram-negative biomass reaction	biomass reaction	Not assignable reaction-by-reaction from available summary log; see gapseq gap-filling provenance file.	False	0.0	0.7004949341391764	0.0	1000.0
DM_cpd01042_c0	Sink needed for p-cresol	demand reaction	Not assignable reaction-by-reaction from available summary log; see gapseq gap-filling provenance file.	False	0.0	0.0023702720666074	0.0	1000.0
EX_cpd00211_e0	Butyrate-e0 Exchange	exchange reaction	Not assignable reaction-by-reaction from available summary log; see gapseq gap-filling provenance file.	False	0.0	27.2	0.0	1000.0
EX_cpd00099_e0	Cl- Exchange	exchange reaction	Not assignable reaction-by-reaction from available summary log; see gapseq gap-filling provenance file.	False	-0.0051097278042779	-0.0	-1000.0	1000.0
EX_cpd00305_e0	Thiamin Exchange	exchange reaction	Not assignable reaction-by-reaction from available summary log; see gapseq gap-filling provenance file.	False	-0.0023733550458473	-0.0	-1.0	1000.0
EX_cpd00220_e0	Riboflavin Exchange	exchange reaction	Not assignable reaction-by-reaction from available summary log; see gapseq gap-filling provenance file.	False	-0.004746710091683	1.8302752293577984	-1.0	1000.0
EX_cpd00133_e0	Niacinamide Exchange	exchange reaction	Not assignable reaction-by-reaction from available summary log; see gapseq gap-filling provenance file.	False	-1.0	6.532467532467531	-1.0	1000.0
EX_cpd00644_e0	Pantothenate Exchange	exchange reaction	Not assignable reaction-by-reaction from available summary log; see gapseq gap-filling provenance file.	False	-0.0047467100917675	10.23076923076923	-1.0	1000.0
EX_cpd11416_c0	EX cpd11416 c0	exchange reaction	Not assignable reaction-by-reaction from available summary log; see gapseq gap-filling provenance file.	False	0.0	0.7004949341391764	0.0	1000.0
rxn00077_c0	ATP:NAD+ 2'-phosphotransferase	unresolved non-GPR reaction	Not assignable reaction-by-reaction from available summary log; see gapseq gap-filling provenance file.	False	0.0	49.24999999999999	0.0	1000.0
rxn00100_c0	ATP:dephospho-CoA 3'-phosphotransferase	unresolved non-GPR reaction	Not assignable reaction-by-reaction from available summary log; see gapseq gap-filling provenance file.	False	0.0	0.0047467100916829	0.0	1000.0
rxn00102_c0	carbonate hydro-lyase (carbon-dioxide-forming)	unresolved non-GPR reaction	Not assignable reaction-by-reaction from available summary log; see gapseq gap-filling provenance file.	False	-49.25000000000003	-0.0	-1000.0	1000.0
rxn00137_c0	Adenosine 3',5'-bisphosphate 3'-phosphohydrolase	unresolved non-GPR reaction	Not assignable reaction-by-reaction from available summary log; see gapseq gap-filling provenance file.	False	0.0	0.0023733550458415	0.0	1000.0
rxn00187_c0	L-Glutamate:ammonia ligase (ADP-forming)	unresolved non-GPR reaction	Not assignable reaction-by-reaction from available summary log; see gapseq gap-filling provenance file.	False	0.0	49.25000000000048	0.0	1000.0
rxn00224_c0	protoheme ferro-lyase (protoporphyrin-forming)	unresolved non-GPR reaction	Not assignable reaction-by-reaction from available summary log; see gapseq gap-filling provenance file.	False	0.0	1.2258326563769293	-1000.0	1000.0
rxn00256_c0	acetyl-CoA:oxaloacetate C-acetyltransferase (thioester-hydrolysing)	unresolved non-GPR reaction	Not assignable reaction-by-reaction from available summary log; see gapseq gap-filling provenance file.	False	-18.461538461538478	-0.0	-1000.0	0.0
rxn00299_c0	GTP 7,8-8,9-dihydrolase	unresolved non-GPR reaction	Not assignable reaction-by-reaction from available summary log; see gapseq gap-filling provenance file.	False	0.0	0.0071200651375238	0.0	1000.0
rxn00351_c0	gamma-L-glutamyl-L-cysteine:glycine ligase (ADP-forming)	unresolved non-GPR reaction	Not assignable reaction-by-reaction from available summary log; see gapseq gap-filling provenance file.	False	0.0	0.0023733550458415	0.0	1000.0
rxn00469_c0	N2-Acetyl-L-ornithine amidohydrolase	unresolved non-GPR reaction	Not assignable reaction-by-reaction from available summary log; see gapseq gap-filling provenance file.	False	0.0	13.93333333333348	-1000.0	1000.0
rxn00470_c0	L-ornithine carboxy-lyase (putrescine-forming)	unresolved non-GPR reaction	Not assignable reaction-by-reaction from available summary log; see gapseq gap-filling provenance file.	False	0.0	13.93333333333294	0.0	1000.0
rxn00490_c0	L-arogenate hydro-lyase (decarboxylating; L-phenylalanine-forming)	unresolved non-GPR reaction	Not assignable reaction-by-reaction from available summary log; see gapseq gap-filling provenance file.	False	0.0	5.821100917431181	0.0	1000.0
rxn00634_c0	D-Glucitol:NAD+ 2-oxidoreductase	unresolved non-GPR reaction	Not assignable reaction-by-reaction from available summary log; see gapseq gap-filling provenance file.	False	-16.482758620689662	10.0	-1000.0	1000.0
rxn00646_c0	L-glutamate:L-cysteine gamma-ligase (ADP-forming)	unresolved non-GPR reaction	Not assignable reaction-by-reaction from available summary log; see gapseq gap-filling provenance file.	False	0.0	0.0023733550458415	0.0	1000.0
rxn00832_c0	IMP 1,2-hydrolase (decyclizing)	unresolved non-GPR reaction	Not assignable reaction-by-reaction from available summary log; see gapseq gap-filling provenance file.	False	-4.680781758957655	-0.0	-1000.0	1000.0
rxn01021_c0	Methylthioadenosine methylthioribohydrolase	unresolved non-GPR reaction	Not assignable reaction-by-reaction from available summary log; see gapseq gap-filling provenance file.	False	0.0	4.210526315789489	-1000.0	1000.0
rxn01207_c0	4-methyl-2-oxopentanoate:NAD+ oxidoreductase (CoA-mehtylpropanoylating)	unresolved non-GPR reaction	Not assignable reaction-by-reaction from available summary log; see gapseq gap-filling provenance file.	False	0.0	0.058306092587303	0.0	1000.0
rxn01256_c0	Chorismate pyruvatemutase	unresolved non-GPR reaction	Not assignable reaction-by-reaction from available summary log; see gapseq gap-filling provenance file.	False	0.0	5.821100917431181	0.0	1000.0
rxn01258_c0	chorismate hydroxymutase	unresolved non-GPR reaction	Not assignable reaction-by-reaction from available summary log; see gapseq gap-filling provenance file.	False	0.0	0.0047467100916828	-1000.0	1000.0
rxn01268_c0	Prephenate:NAD+ oxidoreductase(decarboxylating)	unresolved non-GPR reaction	Not assignable reaction-by-reaction from available summary log; see gapseq gap-filling provenance file.	False	0.0	5.590308370043999	0.0	1000.0
rxn01512_c0	ATP:dTDP phosphotransferase	unresolved non-GPR reaction	Not assignable reaction-by-reaction from available summary log; see gapseq gap-filling provenance file.	False	0.0	0.0269566779160878	-1000.0	1000.0
rxn01513_c0	ATP:dTMP phosphotransferase	unresolved non-GPR reaction	Not assignable reaction-by-reaction from available summary log; see gapseq gap-filling provenance file.	False	0.0	0.0172905609189759	-1000.0	1000.0
rxn01538_c0	ATP:thiamine phosphotransferase	unresolved non-GPR reaction	Not assignable reaction-by-reaction from available summary log; see gapseq gap-filling provenance file.	False	0.0	49.25	0.0	1000.0
rxn02000_c0	dTDP-4-dehydro-6-deoxy-D-glucose 3,5-epimerase	unresolved non-GPR reaction	Not assignable reaction-by-reaction from available summary log; see gapseq gap-filling provenance file.	False	0.0	0.0096661169971099	-1000.0	1000.0
rxn02003_c0	dTDP-6-deoxy-L-mannose:NADP+ 4-oxidoreductase	unresolved non-GPR reaction	Not assignable reaction-by-reaction from available summary log; see gapseq gap-filling provenance file.	False	-0.0096661169971099	-0.0	-1000.0	1000.0
rxn02056_c0	S-Adenosyl-L-methionine:uroporphyrin-III C-methyltransferase	unresolved non-GPR reaction	Not assignable reaction-by-reaction from available summary log; see gapseq gap-filling provenance file.	False	-0.0023733550458415	-0.0	-1000.0	0.0
rxn02288_c0	Uroporphyrinogen-III carboxy-lyase	unresolved non-GPR reaction	Not assignable reaction-by-reaction from available summary log; see gapseq gap-filling provenance file.	False	0.0	1.2258326563769293	0.0	1000.0
rxn02504_c0	2-amino-4-hydroxy-6-(D-erythro-1,2,3-trihydroxypropyl)-7,8-dihydropteridine glycolaldehyde-lyase	unresolved non-GPR reaction	Not assignable reaction-by-reaction from available summary log; see gapseq gap-filling provenance file.	False	0.0	0.0071200651375238	0.0	1000.0
rxn02774_c0	S-Adenosyl-L-methionine:uroporphyrin-III C-methyltransferase	unresolved non-GPR reaction	Not assignable reaction-by-reaction from available summary log; see gapseq gap-filling provenance file.	False	0.0	0.0023733550458415	0.0	1000.0
rxn02831_c0	O-Succinylbenzoate:CoA ligase (AMP-forming)	unresolved non-GPR reaction	Not assignable reaction-by-reaction from available summary log; see gapseq gap-filling provenance file.	False	0.0	0.0047467100916828	0.0	1000.0
rxn02832_c0	(1R,6R)-6-hydroxy-2-succinylcyclohexa-2,4-diene-1-carboxylate hydrolyase (2-succinylbenzoate-forming)	unresolved non-GPR reaction	Not assignable reaction-by-reaction from available summary log; see gapseq gap-filling provenance file.	False	-0.0047467100916828	-0.0	-1000.0	0.0
rxn02897_c0	Nicotinate-nucleotide:dimethylbenzimidazole phospho-D-ribosyltransferase	unresolved non-GPR reaction	Not assignable reaction-by-reaction from available summary log; see gapseq gap-filling provenance file.	False	0.0	0.0023733550458415	-1000.0	1000.0
rxn02898_c0	O-Succinylbenzoyl-CoA 1,4-dihydroxy-2-naphthoate-lyase	unresolved non-GPR reaction	Not assignable reaction-by-reaction from available summary log; see gapseq gap-filling provenance file.	False	0.0	0.0047467100916828	0.0	1000.0
rxn03004_c0	10-Formyltetrahydrofolate:5'-phosphoribosylglycinamide formyltransferase	unresolved non-GPR reaction	Not assignable reaction-by-reaction from available summary log; see gapseq gap-filling provenance file.	False	0.0	4.049019607843141	-1000.0	1000.0
rxn03084_c0	5'-Phosphoribosylformylglycinamide:L-glutamine amido-ligase (ADP-forming)	unresolved non-GPR reaction	Not assignable reaction-by-reaction from available summary log; see gapseq gap-filling provenance file.	False	0.0	4.049019607843141	0.0	1000.0
rxn03150_c0	R04594	unresolved non-GPR reaction	Not assignable reaction-by-reaction from available summary log; see gapseq gap-filling provenance file.	False	0.0	0.0023733550458415	0.0	1000.0
rxn03167_c0	2-Amino-4-hydroxy-6-(erythro-1,2,3-trihydroxypropyl) dihydropteridine triphosphate phosphohydrolase (alkaline optimum)	unresolved non-GPR reaction	Not assignable reaction-by-reaction from available summary log; see gapseq gap-filling provenance file.	False	0.0	0.0071200651375238	0.0	1000.0
rxn03536_c0	R05221	unresolved non-GPR reaction	Not assignable reaction-by-reaction from available summary log; see gapseq gap-filling provenance file.	False	0.0	0.0023733550458415	0.0	1000.0
rxn03537_c0	R05222	unresolved non-GPR reaction	Not assignable reaction-by-reaction from available summary log; see gapseq gap-filling provenance file.	False	0.0	0.0023733550458415	-1000.0	1000.0
rxn03538_c0	R05223	unresolved non-GPR reaction	Not assignable reaction-by-reaction from available summary log; see gapseq gap-filling provenance file.	False	0.0	0.0023733550458415	-1000.0	1000.0
rxn04675_c0	menaquinone biosynthesis protein-related	unresolved non-GPR reaction	Not assignable reaction-by-reaction from available summary log; see gapseq gap-filling provenance file.	False	0.0	0.0047467100916828	0.0	1000.0
rxn04704_c0	coproporphyrinogen-III:S-adenosyl-L-methionine oxidoreductase(decarboxylating)	unresolved non-GPR reaction	Not assignable reaction-by-reaction from available summary log; see gapseq gap-filling provenance file.	False	0.0	1.2258326563769293	0.0	1000.0
rxn04784_c0	5-formaminoimidazole-4-carboxamide-1-beta-D-ribofuranosyl 5'-monophosphate synthetase	unresolved non-GPR reaction	Not assignable reaction-by-reaction from available summary log; see gapseq gap-filling provenance file.	False	0.0	4.680781758957655	0.0	1000.0
rxn05029_c0	ATP:cobinamide Cobeta-adenosyltransferase	unresolved non-GPR reaction	Not assignable reaction-by-reaction from available summary log; see gapseq gap-filling provenance file.	False	0.0	0.0023733550458415	-1000.0	1000.0
rxn05144_c0	Pyridoxal 5-phosphate synthase	unresolved non-GPR reaction	Not assignable reaction-by-reaction from available summary log; see gapseq gap-filling provenance file.	False	0.0	0.0023733550458415	0.0	1000.0
rxn05177_c0	thiamine transport via ABC system	transport reaction	Not assignable reaction-by-reaction from available summary log; see gapseq gap-filling provenance file.	False	0.0	0.0023733550458473	0.0	1000.0
rxn05224_c0	Riboflavin permease	transport reaction	Not assignable reaction-by-reaction from available summary log; see gapseq gap-filling provenance file.	False	-1.8302752293577984	0.004746710091683	-1000.0	1000.0
rxn05251_c0	FACOAL170(anteiso)	unresolved non-GPR reaction	Not assignable reaction-by-reaction from available summary log; see gapseq gap-filling provenance file.	False	0.0	0.058306092587303	0.0	1000.0
rxn05252_c0	FACOAL170(ISO)	unresolved non-GPR reaction	Not assignable reaction-by-reaction from available summary log; see gapseq gap-filling provenance file.	False	0.0	0.058306092587303	0.0	1000.0
rxn05275_c0	b-ketoacyl synthetase (Iso-C17:0)	unresolved non-GPR reaction	Not assignable reaction-by-reaction from available summary log; see gapseq gap-filling provenance file.	False	0.0	0.058306092587303	0.0	1000.0
rxn05276_c0	b-ketoacyl synthetase (Anteiso-C17:0)	unresolved non-GPR reaction	Not assignable reaction-by-reaction from available summary log; see gapseq gap-filling provenance file.	False	0.0	0.058306092587303	0.0	1000.0
rxn05732_c0	acyl-CoA dehydrogenase (hexadecanoyl-CoA)	unresolved non-GPR reaction	Not assignable reaction-by-reaction from available summary log; see gapseq gap-filling provenance file.	False	-31.215686274509807	-0.0	-1000.0	0.0
rxn06023_c0	CoA:apo-[acyl-carrier-protein] pantetheinephosphotransferase	unresolved non-GPR reaction	Not assignable reaction-by-reaction from available summary log; see gapseq gap-filling provenance file.	False	0.0	0.0023733550458415	-1000.0	1000.0
rxn06848_c0	R05075	unresolved non-GPR reaction	Not assignable reaction-by-reaction from available summary log; see gapseq gap-filling provenance file.	False	-0.8791773778920302	-0.0	-1000.0	0.0
rxn06865_c0	R05146	unresolved non-GPR reaction	Not assignable reaction-by-reaction from available summary log; see gapseq gap-filling provenance file.	False	-0.8791773778920302	-0.0	-1000.0	0.0
rxn08130_c0	ADOMET-DMK-METHYLTRANSFER-RXN.c	unresolved non-GPR reaction	Not assignable reaction-by-reaction from available summary log; see gapseq gap-filling provenance file.	False	0.0	0.0023733550458412	0.0	1000.0
rxn08233_c0	Chloride/proton antiport	transport reaction	Not assignable reaction-by-reaction from available summary log; see gapseq gap-filling provenance file.	False	0.0	0.0025548639021388	-1000.0	1000.0
rxn08311_c0	CDP-diacylglycerol synthetase (n-C18:0)	unresolved non-GPR reaction	Not assignable reaction-by-reaction from available summary log; see gapseq gap-filling provenance file.	False	0.0	0.0291530462936498	0.0	1000.0
rxn08333_c0	1,4-dihydroxy-2-naphthoate octaprenyltransferase	unresolved non-GPR reaction	Not assignable reaction-by-reaction from available summary log; see gapseq gap-filling provenance file.	False	0.0	0.0047467100916828	0.0	1000.0
rxn08527_c0	fumarate reductase	unresolved non-GPR reaction	Not assignable reaction-by-reaction from available summary log; see gapseq gap-filling provenance file.	False	0.0	48.6875	0.0	1000.0
rxn08528_c0	fumarate reductase	unresolved non-GPR reaction	Not assignable reaction-by-reaction from available summary log; see gapseq gap-filling provenance file.	False	0.0	0.0023733550458415	0.0	1000.0
rxn08583_c0	galactosyltransferase I (LPS core synthesis)	unresolved non-GPR reaction	Not assignable reaction-by-reaction from available summary log; see gapseq gap-filling provenance file.	False	0.0	0.0096661169971099	-1000.0	1000.0
rxn08618_c0	glucosyltransferase I (LPS core synthesis)	unresolved non-GPR reaction	Not assignable reaction-by-reaction from available summary log; see gapseq gap-filling provenance file.	False	0.0	0.0096661169971099	0.0	1000.0
rxn08619_c0	glucosyltransferase II (LPS core synthesis)	unresolved non-GPR reaction	Not assignable reaction-by-reaction from available summary log; see gapseq gap-filling provenance file.	False	0.0	0.0096661169971099	-1000.0	1000.0
rxn08620_c0	glucosyltransferase III (LPS core synthesis)	unresolved non-GPR reaction	Not assignable reaction-by-reaction from available summary log; see gapseq gap-filling provenance file.	False	0.0	0.0096661169971099	-1000.0	1000.0
rxn08708_c0	LPS heptose kinase I (LPS core synthesis)	unresolved non-GPR reaction	Not assignable reaction-by-reaction from available summary log; see gapseq gap-filling provenance file.	False	0.0	0.0096661169971099	0.0	1000.0
rxn08709_c0	LPS heptose kinase II (LPS core synthesis)	unresolved non-GPR reaction	Not assignable reaction-by-reaction from available summary log; see gapseq gap-filling provenance file.	False	0.0	0.0096661169971099	0.0	1000.0
rxn08710_c0	RXN0-5118.c	unresolved non-GPR reaction	Not assignable reaction-by-reaction from available summary log; see gapseq gap-filling provenance file.	False	0.0	0.0096661169971099	0.0	1000.0
rxn08711_c0	RXN0-5061.c	unresolved non-GPR reaction	Not assignable reaction-by-reaction from available summary log; see gapseq gap-filling provenance file.	False	0.0	0.0096661169971099	-1000.0	1000.0
rxn08712_c0	heptosyltransferase III (LPS core synthesis)	unresolved non-GPR reaction	Not assignable reaction-by-reaction from available summary log; see gapseq gap-filling provenance file.	False	0.0	0.0096661169971099	-1000.0	1000.0
rxn08713_c0	heptosyltransferase IV (LPS core synthesis)	unresolved non-GPR reaction	Not assignable reaction-by-reaction from available summary log; see gapseq gap-filling provenance file.	False	0.0	0.0096661169971099	-1000.0	1000.0
rxn08954_c0	3-deoxy-D-manno-octulosonic acid transferase III (LPS core biosynthesis)	unresolved non-GPR reaction	Not assignable reaction-by-reaction from available summary log; see gapseq gap-filling provenance file.	False	0.0	0.0096661169971099	0.0	1000.0
rxn09037_c0	(2E,6E)-farnesyl-diphosphate:isopentenyl-diphosphate farnesyltranstransferase (adding 5 isopentenyl units)	unresolved non-GPR reaction	Not assignable reaction-by-reaction from available summary log; see gapseq gap-filling provenance file.	False	0.0	0.0047467100916828	0.0	1000.0
rxn09106_c0	phosphatidylglycerol phosphate phosphatase (periplasm, n-C18:0)	unresolved non-GPR reaction	Not assignable reaction-by-reaction from available summary log; see gapseq gap-filling provenance file.	False	0.0	0.021864784720236	0.0	1000.0
rxn09113_c0	Phosphatidylglycerol synthase (n-C18:0)	unresolved non-GPR reaction	Not assignable reaction-by-reaction from available summary log; see gapseq gap-filling provenance file.	False	0.0	0.021864784720236	0.0	1000.0
rxn09165_c0	TRANS-RXN-117.cp	transport reaction	Not assignable reaction-by-reaction from available summary log; see gapseq gap-filling provenance file.	False	-10.23076923076923	0.0047467100917675	-1000.0	1000.0
rxn09180_c0	protoporphyrinogen oxidase (anaerobic)	unresolved non-GPR reaction	Not assignable reaction-by-reaction from available summary log; see gapseq gap-filling provenance file.	False	0.0	1.2258326563769293	0.0	1000.0
rxn09202_c0	Phosphatidylserine decarboxylase (n-C18:0)	unresolved non-GPR reaction	Not assignable reaction-by-reaction from available summary log; see gapseq gap-filling provenance file.	False	0.0	0.0072882615734124	0.0	1000.0
rxn09210_c0	Phosphatidylserine syntase (n-C18:0)	unresolved non-GPR reaction	Not assignable reaction-by-reaction from available summary log; see gapseq gap-filling provenance file.	False	0.0	0.0072882615734124	0.0	1000.0
rxn09225_c0	rhamnosyltransferase I (LPS core biosynthesis)	unresolved non-GPR reaction	Not assignable reaction-by-reaction from available summary log; see gapseq gap-filling provenance file.	False	0.0	0.0096661169971099	0.0	1000.0
rxn09427_c0	fatty-acyl-CoA synthase (n-C18:0CoA)	unresolved non-GPR reaction	Not assignable reaction-by-reaction from available summary log; see gapseq gap-filling provenance file.	False	0.0	27.91666666666668	0.0	1000.0
rxn10199_c0	Peptidoglycan subunit synthesis	unresolved non-GPR reaction	Not assignable reaction-by-reaction from available summary log; see gapseq gap-filling provenance file.	False	0.0	0.0096661169971099	-1000.0	1000.0
rxn10204_c0	acyl-CoA:sn-glycerol-3-phosphate 1-O-acyltransferase	unresolved non-GPR reaction	Not assignable reaction-by-reaction from available summary log; see gapseq gap-filling provenance file.	False	0.0	0.0291530462936498	0.0	1000.0
rxn10205_c0	isoheptadecanoyl-glycerol-3-phosphate O-acyltransferase	unresolved non-GPR reaction	Not assignable reaction-by-reaction from available summary log; see gapseq gap-filling provenance file.	False	0.0	0.0291530462936498	0.0	1000.0
rxn10206_c0	anteisoheptadecanoyl-glycerol-3-phosphate O-acyltransferase	unresolved non-GPR reaction	Not assignable reaction-by-reaction from available summary log; see gapseq gap-filling provenance file.	False	0.0	0.0291530462936498	0.0	1000.0
rxn10213_c0	stearoyl-1-acylglycerol-3-phosphate O-acyltransferase	unresolved non-GPR reaction	Not assignable reaction-by-reaction from available summary log; see gapseq gap-filling provenance file.	False	0.0	0.0291530462936498	0.0	1000.0
rxn10214_c0	isoheptadecanoyl-1-acylglycerol-3-phosphate O-acyltransferase	unresolved non-GPR reaction	Not assignable reaction-by-reaction from available summary log; see gapseq gap-filling provenance file.	False	0.0	0.0291530462936498	0.0	1000.0
rxn10215_c0	anteisoheptadecanoyl-1-acylglycerol-3-phosphate O-acyltransferase	unresolved non-GPR reaction	Not assignable reaction-by-reaction from available summary log; see gapseq gap-filling provenance file.	False	0.0	0.0291530462936498	0.0	1000.0
rxn10220_c0	isoheptadecanoyl-phosphatidate cytidylyltransferase	unresolved non-GPR reaction	Not assignable reaction-by-reaction from available summary log; see gapseq gap-filling provenance file.	False	0.0	0.0291530462936498	-1000.0	1000.0
rxn10221_c0	anteisoheptadecanoyl-phosphatidate cytidylyltransferase	unresolved non-GPR reaction	Not assignable reaction-by-reaction from available summary log; see gapseq gap-filling provenance file.	False	0.0	0.0291530462936498	-1000.0	1000.0
rxn10226_c0	isoheptadecanoyl-CDPdiacylglycerol-serine O-phosphatidyltransferase	unresolved non-GPR reaction	Not assignable reaction-by-reaction from available summary log; see gapseq gap-filling provenance file.	False	0.0	0.0072882615734124	0.0	1000.0
rxn10227_c0	anteisoheptadecanoyl-CDPdiacylglycerol-serine O-phosphatidyltransferase	unresolved non-GPR reaction	Not assignable reaction-by-reaction from available summary log; see gapseq gap-filling provenance file.	False	0.0	0.0072882615734124	0.0	1000.0
rxn10232_c0	isoheptadecanoyl-phosphatidylserine decarboxylase	unresolved non-GPR reaction	Not assignable reaction-by-reaction from available summary log; see gapseq gap-filling provenance file.	False	0.0	0.0072882615734124	-1000.0	1000.0
rxn10233_c0	anteisoheptadecanoyl-phosphatidylserine decarboxylase	unresolved non-GPR reaction	Not assignable reaction-by-reaction from available summary log; see gapseq gap-filling provenance file.	False	0.0	0.0072882615734124	-1000.0	1000.0
rxn10259_c0	isoheptadecanoyl-CDPdiacylglycerol:sn-glycerol-3-phosphate 3-phosphatidyltransferase	unresolved non-GPR reaction	Not assignable reaction-by-reaction from available summary log; see gapseq gap-filling provenance file.	False	0.0	0.021864784720236	-1000.0	1000.0
rxn10260_c0	anteisoheptadecanoyl-CDPdiacylglycerol:sn-glycerol-3-phosphate 3-phosphatidyltransferase	unresolved non-GPR reaction	Not assignable reaction-by-reaction from available summary log; see gapseq gap-filling provenance file.	False	0.0	0.021864784720236	-1000.0	1000.0
rxn10265_c0	isoheptadecanoyl-Phosphatidylglycerophosphate phosphohydrolase	unresolved non-GPR reaction	Not assignable reaction-by-reaction from available summary log; see gapseq gap-filling provenance file.	False	0.0	0.021864784720236	0.0	1000.0
rxn10266_c0	anteisoheptadecanoyl-Phosphatidylglycerophosphate phosphohydrolase	unresolved non-GPR reaction	Not assignable reaction-by-reaction from available summary log; see gapseq gap-filling provenance file.	False	0.0	0.021864784720236	0.0	1000.0
rxn10336_c0	stearoyl-cardiolipin synthase	unresolved non-GPR reaction	Not assignable reaction-by-reaction from available summary log; see gapseq gap-filling provenance file.	False	0.0	0.0072882615734124	-1000.0	1000.0
rxn10337_c0	isoheptadecanoyl-cardiolipin synthase	unresolved non-GPR reaction	Not assignable reaction-by-reaction from available summary log; see gapseq gap-filling provenance file.	False	0.0	0.0072882615734124	-1000.0	1000.0
rxn10338_c0	anteisoheptadecanoyl-cardiolipin synthase	unresolved non-GPR reaction	Not assignable reaction-by-reaction from available summary log; see gapseq gap-filling provenance file.	False	0.0	0.0072882615734124	-1000.0	1000.0
rxn12197_c0	gluconolactonase	transport reaction	Not assignable reaction-by-reaction from available summary log; see gapseq gap-filling provenance file.	False	0.0	23.724137931034484	0.0	1000.0
rxn12933_c0	[Acyl-carrier-protein] acetyltransferase	unresolved non-GPR reaction	Not assignable reaction-by-reaction from available summary log; see gapseq gap-filling provenance file.	False	-5.194936708860755	-0.0	-1000.0	1000.0
rxn13419_c0	3-hydroxy-2-methylbutyryl-CoA-dehydrogenase	unresolved non-GPR reaction	Not assignable reaction-by-reaction from available summary log; see gapseq gap-filling provenance file.	False	-0.0583060925873004	16.885245901638655	-1000.0	1000.0
rxn39250_c0	5-deoxyadenosine phosphorylase	unresolved non-GPR reaction	Not assignable reaction-by-reaction from available summary log; see gapseq gap-filling provenance file.	False	0.0	2.4516653127538546	0.0	1000.0
rxn39252_c0	5-deoxyribulose-1-phosphate aldolase	unresolved non-GPR reaction	Not assignable reaction-by-reaction from available summary log; see gapseq gap-filling provenance file.	False	0.0	2.4516653127538546	-1000.0	1000.0
rxn90071_c0	methylene tetrahydrofolate reductase (bifurcating)	unresolved non-GPR reaction	Not assignable reaction-by-reaction from available summary log; see gapseq gap-filling provenance file.	False	-12.083333333333144	-0.0	-1000.0	1000.0
rxn00088_c0	NADP+ 2'-phosphohydrolase	unresolved non-GPR reaction	Not assignable reaction-by-reaction from available summary log; see gapseq gap-filling provenance file.	False	0.0	49.25000000000086	0.0	1000.0
rxn00420_c0	O-phospho-L-serine phosphohydrolase	unresolved non-GPR reaction	Not assignable reaction-by-reaction from available summary log; see gapseq gap-filling provenance file.	False	0.0	34.375000000000014	0.0	1000.0
rxn00541_c0	L-threonine acetaldehyde-lyase (glycine-forming)	unresolved non-GPR reaction	Not assignable reaction-by-reaction from available summary log; see gapseq gap-filling provenance file.	False	0.0	32.22222222222222	0.0	1000.0
rxn01961_c0	Xanthosine 5'-phosphate phosphohydrolase	unresolved non-GPR reaction	Not assignable reaction-by-reaction from available summary log; see gapseq gap-filling provenance file.	False	0.0	29.625	0.0	1000.0
rxn05902_c0	sulphite reductase	unresolved non-GPR reaction	Not assignable reaction-by-reaction from available summary log; see gapseq gap-filling provenance file.	False	-15.647058823529411	-0.0	-1000.0	0.0
rxn16823_c0	2-(2-carboxy-4-methylthiazol-5-yl)ethyl phosphate isomerase	unresolved non-GPR reaction	Not assignable reaction-by-reaction from available summary log; see gapseq gap-filling provenance file.	False	0.0	0.0023702720666075	0.0	1000.0
rxn23042_c0	thiamine-phosphate diphosphorylase	unresolved non-GPR reaction	Not assignable reaction-by-reaction from available summary log; see gapseq gap-filling provenance file.	False	0.0	0.0023702720666075	0.0	1000.0
rxn23045_c0	glycine oxidase	unresolved non-GPR reaction	Not assignable reaction-by-reaction from available summary log; see gapseq gap-filling provenance file.	True	0.0	-0.0	0.0	1000.0
rxn25839_c0	ATP:[ThiS] adenylyltransferase	unresolved non-GPR reaction	Not assignable reaction-by-reaction from available summary log; see gapseq gap-filling provenance file.	False	0.0	0.0023702720666075	0.0	1000.0
rxn01174_c0	3-hydroxypropanoate:NAD+ oxidoreductase	unresolved non-GPR reaction	Not assignable reaction-by-reaction from available summary log; see gapseq gap-filling provenance file.	False	0.0	32.714285714285694	-1000.0	1000.0
rxn01790_c0	(R)-Pantoate:NADP+ 2-oxidoreductase	unresolved non-GPR reaction	Not assignable reaction-by-reaction from available summary log; see gapseq gap-filling provenance file.	False	-10.23076923076923	-0.0	-1000.0	1000.0
rxn02261_c0	R03158	unresolved non-GPR reaction	Not assignable reaction-by-reaction from available summary log; see gapseq gap-filling provenance file.	False	-32.714285714285694	-0.0	-1000.0	0.0
rxn07450_c0	L-cysteate bisulfite-lyase (deaminating)	unresolved non-GPR reaction	Not assignable reaction-by-reaction from available summary log; see gapseq gap-filling provenance file.	False	0.0	1000.0	0.0	1000.0
rxn15695_c0	3-sulfolactate bisulfite-lyase	unresolved non-GPR reaction	Not assignable reaction-by-reaction from available summary log; see gapseq gap-filling provenance file.	False	-1000.0	-0.0	-1000.0	1000.0
EX_cpd00246_e0	Inosine-e0 Exchange	exchange reaction	Not assignable reaction-by-reaction from available summary log; see gapseq gap-filling provenance file.	False	0.0	3.066831683168235	0.0	1000.0
EX_cpd00280_e0	D-Galacturonate-e0 Exchange	exchange reaction	Not assignable reaction-by-reaction from available summary log; see gapseq gap-filling provenance file.	True	0.0	-0.0	0.0	1000.0
EX_cpd00232_e0	Neu5Ac-e0 Exchange	exchange reaction	Not assignable reaction-by-reaction from available summary log; see gapseq gap-filling provenance file.	False	0.0	5.771084337349398	0.0	1000.0
EX_cpd00105_e0	D-Ribose-e0 Exchange	exchange reaction	Not assignable reaction-by-reaction from available summary log; see gapseq gap-filling provenance file.	False	0.0	9.0	0.0	1000.0
EX_cpd00003_e0	NAD-e0 Exchange	exchange reaction	Not assignable reaction-by-reaction from available summary log; see gapseq gap-filling provenance file.	False	0.0	1.8074277854198044	0.0	1000.0
EX_cpd00024_e0	2-Oxoglutarate-e0 Exchange	exchange reaction	Not assignable reaction-by-reaction from available summary log; see gapseq gap-filling provenance file.	False	0.0	15.307692307692315	0.0	1000.0
EX_cpd00182_e0	Adenosine-e0 Exchange	exchange reaction	Not assignable reaction-by-reaction from available summary log; see gapseq gap-filling provenance file.	False	0.0	2.854838709677236	0.0	1000.0
EX_cpd00307_e0	Cytosine-e0 Exchange	exchange reaction	Not assignable reaction-by-reaction from available summary log; see gapseq gap-filling provenance file.	False	0.0	1.516149461684563	0.0	1000.0
EX_cpd00367_e0	Cytidine-e0 Exchange	exchange reaction	Not assignable reaction-by-reaction from available summary log; see gapseq gap-filling provenance file.	False	0.0	1.3351924149470178	0.0	1000.0
EX_cpd01217_e0	Xanthosine-e0 Exchange	exchange reaction	Not assignable reaction-by-reaction from available summary log; see gapseq gap-filling provenance file.	False	0.0	3.0	0.0	1000.0
rxn00237_c0	ATP:GDP phosphotransferase	unresolved non-GPR reaction	Not assignable reaction-by-reaction from available summary log; see gapseq gap-filling provenance file.	False	-68.7500000000001	29.62500000000013	-1000.0	1000.0
rxn00317_c0	L-Lysine:2-oxoglutarate 6-aminotransferase	unresolved non-GPR reaction	Not assignable reaction-by-reaction from available summary log; see gapseq gap-filling provenance file.	False	0.0	17.5	-1000.0	1000.0
rxn01670_c0	Nicotinamide ribonucleotide phosphohydrolase	unresolved non-GPR reaction	Not assignable reaction-by-reaction from available summary log; see gapseq gap-filling provenance file.	False	0.0	14.8125	0.0	1000.0
rxn02227_c0	L-2-Aminoadipate-6-semialdehyde:NADP+ 6-oxidoreductase	unresolved non-GPR reaction	Not assignable reaction-by-reaction from available summary log; see gapseq gap-filling provenance file.	False	0.0	17.5	-1000.0	1000.0
rxn08972_c0	NADH dehydrogenase (ubiquinone-8 & 3 protons) (periplasm)	transport reaction	Not assignable reaction-by-reaction from available summary log; see gapseq gap-filling provenance file.	False	-84.5	-0.0	-1000.0	1000.0
rxn09272_c0	fumarate reductase complex (i.e. FRD, involved in anaerobic respiration, repressed in aerobic respiration)	unresolved non-GPR reaction	Not assignable reaction-by-reaction from available summary log; see gapseq gap-filling provenance file.	False	0.0	42.250000000000014	0.0	1000.0
rxn15081_c0	ATP:D-fructose 6-phosphotransferase	unresolved non-GPR reaction	Not assignable reaction-by-reaction from available summary log; see gapseq gap-filling provenance file.	False	0.0	33.37499999999999	0.0	1000.0
rxn00708_c0	Uridine 5'-monophosphate phosphohydrolase	unresolved non-GPR reaction	Not assignable reaction-by-reaction from available summary log; see gapseq gap-filling provenance file.	False	0.0	29.625	0.0	1000.0
rxn05578_c0	TRANS-RXNBWI-115531.ce	transport reaction	Not assignable reaction-by-reaction from available summary log; see gapseq gap-filling provenance file.	False	-65.66666666666863	-0.0	-1000.0	1000.0
rxn08556_c0	sn-glycerol 3-phosphate:ubiquinone-8 oxidoreductase	unresolved non-GPR reaction	Not assignable reaction-by-reaction from available summary log; see gapseq gap-filling provenance file.	False	0.0	42.25	0.0	1000.0
rxn00407_c0	CTP aminohydrolase	unresolved non-GPR reaction	Not assignable reaction-by-reaction from available summary log; see gapseq gap-filling provenance file.	False	0.0	49.250000000000014	0.0	1000.0
rxn00899_c0	3-methyl-2-oxobutanoate:NAD+ oxidoreductase (CoA-mehtylpropanoylating)	unresolved non-GPR reaction	Not assignable reaction-by-reaction from available summary log; see gapseq gap-filling provenance file.	False	0.0	13.439308855291577	0.0	1000.0
rxn01145_c0	Thymidylate 5'-phosphohydrolase	unresolved non-GPR reaction	Not assignable reaction-by-reaction from available summary log; see gapseq gap-filling provenance file.	True	0.0	-0.0	0.0	1000.0
rxn01672_c0	dCTP aminohydrolase	unresolved non-GPR reaction	Not assignable reaction-by-reaction from available summary log; see gapseq gap-filling provenance file.	False	0.0	0.0172845687407551	0.0	1000.0
rxn04046_c0	Cobalt-precorrin-2 C(20)-methyltransferase	unresolved non-GPR reaction	Not assignable reaction-by-reaction from available summary log; see gapseq gap-filling provenance file.	True	0.0	-0.0	0.0	1000.0
rxn04048_c0	cobalt-precorrin-4 methyltransferase	unresolved non-GPR reaction	Not assignable reaction-by-reaction from available summary log; see gapseq gap-filling provenance file.	True	0.0	-0.0	0.0	1000.0
rxn05990_c0	triacylglycerol acylhydrolase	unresolved non-GPR reaction	Not assignable reaction-by-reaction from available summary log; see gapseq gap-filling provenance file.	True	0.0	-0.0	-1000.0	1000.0
rxn06217_c0	1,2-diacyl-sn-glycerol acylhydrolase	unresolved non-GPR reaction	Not assignable reaction-by-reaction from available summary log; see gapseq gap-filling provenance file.	True	0.0	-0.0	-1000.0	1000.0
rxn08084_c0	1-tetradecanoyl-sn-glycerol 3-phosphate O-acyltransferase (n-C14:0)	unresolved non-GPR reaction	Not assignable reaction-by-reaction from available summary log; see gapseq gap-filling provenance file.	True	0.0	-0.0	-1000.0	1000.0
rxn08547_c0	glycerol-3-phosphate acyltransferase (C14:0)	unresolved non-GPR reaction	Not assignable reaction-by-reaction from available summary log; see gapseq gap-filling provenance file.	False	-27.91666666666666	-0.0	-1000.0	1000.0
rxn15401_c0	3-Hydroxy-2-methylpropanoyl-CoA hydrolase	unresolved non-GPR reaction	Not assignable reaction-by-reaction from available summary log; see gapseq gap-filling provenance file.	False	0.0	13.439308855291571	0.0	1000.0
rxn01225_c0	Guanine aminohydrolase	unresolved non-GPR reaction	Not assignable reaction-by-reaction from available summary log; see gapseq gap-filling provenance file.	False	0.0	14.8125	0.0	1000.0
rxn00612_c0	sn-Glycerol-3-phosphate:NADP+ 2-oxidoreductase	unresolved non-GPR reaction	Not assignable reaction-by-reaction from available summary log; see gapseq gap-filling provenance file.	False	-48.6875	-0.0	-1000.0	0.0
rxn02269_c0	(S)-3-methyl-2-oxopentanoate:NAD+ 2-oxidoreductase (CoA-methylbutanoylating)	unresolved non-GPR reaction	Not assignable reaction-by-reaction from available summary log; see gapseq gap-filling provenance file.	False	0.0	16.885245901639223	0.0	1000.0
rxn04045_c0	Cobaltochelatase	unresolved non-GPR reaction	Not assignable reaction-by-reaction from available summary log; see gapseq gap-filling provenance file.	True	0.0	-0.0	0.0	1000.0
rxn08787_c0	ATP phosphohydrolase (lipopolysaccharide-exporting)	transport reaction	Not assignable reaction-by-reaction from available summary log; see gapseq gap-filling provenance file.	False	0.0	0.8791773778920309	0.0	1000.0
rxn09010_c0	5'-nucleotidase (dIMP) (periplasm)	unresolved non-GPR reaction	Not assignable reaction-by-reaction from available summary log; see gapseq gap-filling provenance file.	True	0.0	-0.0	0.0	1000.0
rxn10203_c0	myristoyl-glycerol-3-phosphate O-acyltransferase	unresolved non-GPR reaction	Not assignable reaction-by-reaction from available summary log; see gapseq gap-filling provenance file.	False	0.0	27.91666666666666	0.0	1000.0
EX_cpd03587_e0	kdo2-lipid a-e0 Exchange	exchange reaction	Not assignable reaction-by-reaction from available summary log; see gapseq gap-filling provenance file.	False	0.0	0.8791773778920309	0.0	1000.0
rxn01450_c0	3-(indol-3-yl)pyruvate carboxy-lyase [(2-indol-3-yl)acetaldehyde-forming]	unresolved non-GPR reaction	Not assignable reaction-by-reaction from available summary log; see gapseq gap-filling provenance file.	False	0.0	3.9374999999997726	0.0	1000.0
rxn00269_c0	glycine:oxygen oxidoreductase (deaminating)	unresolved non-GPR reaction	Not assignable reaction-by-reaction from available summary log; see gapseq gap-filling provenance file.	True	0.0	-0.0	0.0	1000.0
rxn00326_c0	Glyoxylate:NADP+ oxidoreductase (CoA-oxalylating)	unresolved non-GPR reaction	Not assignable reaction-by-reaction from available summary log; see gapseq gap-filling provenance file.	False	0.0	0.0071189218175165	-1000.0	1000.0
rxn00913_c0	Guanosine 5'-monophosphate phosphohydrolase	unresolved non-GPR reaction	Not assignable reaction-by-reaction from available summary log; see gapseq gap-filling provenance file.	False	0.0	29.625	0.0	1000.0
rxn01385_c0	Xylitol:NAD+ 2-oxidoreductase (D-xylulose-forming)	unresolved non-GPR reaction	Not assignable reaction-by-reaction from available summary log; see gapseq gap-filling provenance file.	True	0.0	-0.0	-1000.0	1000.0
rxn01395_c0	oxalyl-CoA carboxy-lyase (formyl-CoA-forming)	unresolved non-GPR reaction	Not assignable reaction-by-reaction from available summary log; see gapseq gap-filling provenance file.	False	0.0	0.0071189218175156	0.0	1000.0
rxn03541_c0	adenosylcobinamide amidohydrolase	unresolved non-GPR reaction	Not assignable reaction-by-reaction from available summary log; see gapseq gap-filling provenance file.	False	-49.25	-0.0	-1000.0	1000.0
rxn04050_c0	R05812	unresolved non-GPR reaction	Not assignable reaction-by-reaction from available summary log; see gapseq gap-filling provenance file.	True	0.0	-0.0	-1000.0	1000.0
rxn04051_c0	R05813	unresolved non-GPR reaction	Not assignable reaction-by-reaction from available summary log; see gapseq gap-filling provenance file.	True	0.0	-0.0	-1000.0	1000.0
rxn04052_c0	R05814	unresolved non-GPR reaction	Not assignable reaction-by-reaction from available summary log; see gapseq gap-filling provenance file.	True	0.0	-0.0	0.0	1000.0
rxn01278_c0	D-Gluconate:NADP+ 5-oxidoreductase	unresolved non-GPR reaction	Not assignable reaction-by-reaction from available summary log; see gapseq gap-filling provenance file.	False	0.0	11.34920634920635	-1000.0	1000.0
rxn03953_c0	L-Idonate:NAD oxidoreductase	unresolved non-GPR reaction	Not assignable reaction-by-reaction from available summary log; see gapseq gap-filling provenance file.	False	-11.34920634920635	-0.0	-1000.0	1000.0
rxn00430_c0	methanol:NAD+ oxidoreductase	unresolved non-GPR reaction	Not assignable reaction-by-reaction from available summary log; see gapseq gap-filling provenance file.	True	0.0	-0.0	-1000.0	1000.0
rxn03924_c0	taurine:pyruvate aminotransferase	unresolved non-GPR reaction	Not assignable reaction-by-reaction from available summary log; see gapseq gap-filling provenance file.	False	-1000.0	46.49999999999999	-1000.0	1000.0
rxn05652_c0	spermidine transport in via proton antiport	transport reaction	Not assignable reaction-by-reaction from available summary log; see gapseq gap-filling provenance file.	False	0.0	39.4	0.0	1000.0
rxn01297_c0	hypoxanthine:NAD+ oxidoreductase	unresolved non-GPR reaction	Not assignable reaction-by-reaction from available summary log; see gapseq gap-filling provenance file.	False	-29.625	19.75000000000023	-1000.0	1000.0
rxn05316_c0	TRANS-RXNBWI-115572.ce.maizeexp.INOSINE_INOSINE	transport reaction	Not assignable reaction-by-reaction from available summary log; see gapseq gap-filling provenance file.	False	-3.066831683168235	-0.0	-1000.0	1000.0
rxn05673_c0	D-galacturonate transport via proton symport, reversible	transport reaction	Not assignable reaction-by-reaction from available summary log; see gapseq gap-filling provenance file.	True	0.0	-0.0	-1000.0	1000.0
rxn05160_c0	monosaccharide-transporting ATPase	transport reaction	Not assignable reaction-by-reaction from available summary log; see gapseq gap-filling provenance file.	False	0.0	24.625000000000007	0.0	1000.0
rxn00132_c0	Adenosine 5'-monophosphate phosphohydrolase	unresolved non-GPR reaction	Not assignable reaction-by-reaction from available summary log; see gapseq gap-filling provenance file.	False	0.0	29.625	0.0	1000.0
rxn00544_c0	R00755	unresolved non-GPR reaction	Not assignable reaction-by-reaction from available summary log; see gapseq gap-filling provenance file.	False	-46.49999999999999	21.61538461538465	-1000.0	1000.0
rxn01521_c0	2'-Deoxyuridine 5'-monophosphate phosphohydrolase	unresolved non-GPR reaction	Not assignable reaction-by-reaction from available summary log; see gapseq gap-filling provenance file.	True	0.0	-0.0	0.0	1000.0
rxn02666_c0	R03758	unresolved non-GPR reaction	Not assignable reaction-by-reaction from available summary log; see gapseq gap-filling provenance file.	True	0.0	-0.0	-1000.0	0.0
rxn11334_c0	rxn11334	transport reaction	Not assignable reaction-by-reaction from available summary log; see gapseq gap-filling provenance file.	False	-6.532467532467531	1.0	-1000.0	1000.0
rxn13361_c0	NAD(+) transport (Peroxisomal membrane)	transport reaction	Not assignable reaction-by-reaction from available summary log; see gapseq gap-filling provenance file.	False	-1.8074277854198044	-0.0	-1000.0	1000.0
rxn15175_c0	ITP:D-mannose 6-phosphotransferase	unresolved non-GPR reaction	Not assignable reaction-by-reaction from available summary log; see gapseq gap-filling provenance file.	True	0.0	-0.0	0.0	1000.0
rxn01517_c0	ATP:dUMP phosphotransferase	unresolved non-GPR reaction	Not assignable reaction-by-reaction from available summary log; see gapseq gap-filling provenance file.	False	-0.0172905609189762	29.624999999999982	-1000.0	1000.0
rxn01678_c0	ATP:dUDP phosphotransferase	unresolved non-GPR reaction	Not assignable reaction-by-reaction from available summary log; see gapseq gap-filling provenance file.	False	-0.0172905609189762	29.624999999999982	-1000.0	1000.0
rxn05493_c0	Transport of a-ketoglutarate, extracellular	transport reaction	Not assignable reaction-by-reaction from available summary log; see gapseq gap-filling provenance file.	False	-15.307692307692315	-0.0	-1000.0	1000.0
rxn07979_c0	3-hydroxyacyl-[acyl-carrier-protein] dehydratase (n-C18:0)	unresolved non-GPR reaction	Not assignable reaction-by-reaction from available summary log; see gapseq gap-filling provenance file.	True	0.0	-0.0	0.0	1000.0
rxn08391_c0	enoyl-[acyl-carrier-protein] reductase (NADPH) (n-C14:1)	unresolved non-GPR reaction	Not assignable reaction-by-reaction from available summary log; see gapseq gap-filling provenance file.	True	0.0	-0.0	-1000.0	1000.0
rxn08393_c0	trans hexadecenoyl-[acp] reductase (NADPH, B-specific)	unresolved non-GPR reaction	Not assignable reaction-by-reaction from available summary log; see gapseq gap-filling provenance file.	False	0.0	27.91666666666667	-1000.0	1000.0
rxn08549_c0	glycerol-3-phosphate acyltransferase (C16:0)	unresolved non-GPR reaction	Not assignable reaction-by-reaction from available summary log; see gapseq gap-filling provenance file.	False	0.0	27.91666666666667	0.0	1000.0
rxn10202_c0	glycerol-3-phosphate: acyl-coa acyltransferase (16:0)	unresolved non-GPR reaction	Not assignable reaction-by-reaction from available summary log; see gapseq gap-filling provenance file.	False	-27.91666666666667	-0.0	-1000.0	0.0
rxn03535_c0	ATP:cob(I)yrinic acid-a,c-diamide Cobeta-adenosyltransferase	unresolved non-GPR reaction	Not assignable reaction-by-reaction from available summary log; see gapseq gap-filling provenance file.	True	0.0	-0.0	-1000.0	1000.0
rxn05318_c0	TRANS-RXN-203.ce	transport reaction	Not assignable reaction-by-reaction from available summary log; see gapseq gap-filling provenance file.	False	-2.854838709677236	-0.0	-1000.0	1000.0
rxn04024_c0	trans-feruloyl-CoA hydro-lyase	unresolved non-GPR reaction	Not assignable reaction-by-reaction from available summary log; see gapseq gap-filling provenance file.	True	0.0	-0.0	-1000.0	1000.0
rxn05527_c0	TRANS-RXN-199.ce	transport reaction	Not assignable reaction-by-reaction from available summary log; see gapseq gap-filling provenance file.	False	-1.516149461684563	-0.0	-1000.0	1000.0
rxn07977_c0	3-hydroxyacyl-[acyl-carrier-protein] dehydratase (n-C14:1)	unresolved non-GPR reaction	Not assignable reaction-by-reaction from available summary log; see gapseq gap-filling provenance file.	True	0.0	-0.0	0.0	1000.0
rxn08548_c0	glycerol-3-phosphate acyltransferase (C14:1)	unresolved non-GPR reaction	Not assignable reaction-by-reaction from available summary log; see gapseq gap-filling provenance file.	True	0.0	-0.0	0.0	1000.0
rxn10857_c0	cytidine transport in via sodium symport	transport reaction	Not assignable reaction-by-reaction from available summary log; see gapseq gap-filling provenance file.	False	-1.3351924149470178	-0.0	-1000.0	1000.0
rxn05680_c0	TRANS-RXNBWI-115572.ce.maizeexp.XANTHOSINE_XANTHOSINE	transport reaction	Not assignable reaction-by-reaction from available summary log; see gapseq gap-filling provenance file.	False	-3.0	-0.0	-1000.0	1000.0
rxn00324_c0	glycolate:NADP+ oxidoreductase	unresolved non-GPR reaction	Not assignable reaction-by-reaction from available summary log; see gapseq gap-filling provenance file.	False	-1000.0	0.0071190488349407	-1000.0	1000.0
rxn01633_c0	2-Dehydro-3-deoxy-L-arabinonate hydro-lyase	unresolved non-GPR reaction	Not assignable reaction-by-reaction from available summary log; see gapseq gap-filling provenance file.	False	0.0	0.0071200651375235	0.0	1000.0
rxn05628_c0	Arginine permease	transport reaction	Not assignable reaction-by-reaction from available summary log; see gapseq gap-filling provenance file.	False	-65.66666666666863	-0.0	-1000.0	1000.0
rxn00409_c0	ATP:CDP phosphotransferase	unresolved non-GPR reaction	Not assignable reaction-by-reaction from available summary log; see gapseq gap-filling provenance file.	False	-68.75000000000003	59.25000000000023	-1000.0	1000.0
rxn01491_c0	D-Fructose 1,6-bisphosphate phosphohydrolase	unresolved non-GPR reaction	Not assignable reaction-by-reaction from available summary log; see gapseq gap-filling provenance file.	False	0.0	49.250000000000064	0.0	1000.0
rxn03845_c0	4-(Ethylamino)-2-hydroxy-6-(isopropylamino)-1,3,5-triazine ethylaminohydrolase	unresolved non-GPR reaction	Not assignable reaction-by-reaction from available summary log; see gapseq gap-filling provenance file.	True	0.0	-0.0	-1000.0	1000.0
rxn04945_c0	D-glucose:NADP+ 1-oxidoreductase	unresolved non-GPR reaction	Not assignable reaction-by-reaction from available summary log; see gapseq gap-filling provenance file.	False	0.0	23.724137931034484	0.0	1000.0
rxn12188_c0	R08548	unresolved non-GPR reaction	Not assignable reaction-by-reaction from available summary log; see gapseq gap-filling provenance file.	False	0.0	39.28571428571412	0.0	1000.0
rxn00500_c0	(R)-Lactate:NAD+ oxidoreductase	unresolved non-GPR reaction	Not assignable reaction-by-reaction from available summary log; see gapseq gap-filling provenance file.	False	-46.5	-0.0	-1000.0	1000.0
rxn00938_c0	Nicotinamide amidohydrolase	unresolved non-GPR reaction	Not assignable reaction-by-reaction from available summary log; see gapseq gap-filling provenance file.	False	0.0	14.812499999999996	0.0	1000.0
rxn03491_c0	S-Adenosyl-L-methionine:1-precorrin-6Y C5,15-methyltransferase (C-12-decarboxylating)	unresolved non-GPR reaction	Not assignable reaction-by-reaction from available summary log; see gapseq gap-filling provenance file.	True	0.0	-0.0	-1000.0	1000.0
rxn03512_c0	Precorrin 8X 11,12-methylmutase	unresolved non-GPR reaction	Not assignable reaction-by-reaction from available summary log; see gapseq gap-filling provenance file.	True	0.0	-0.0	-1000.0	1000.0
rxn07476_c0	UDP-4-deoxy-4-formamido-L-arabinose:undecaprenyl-phosphate 4-deoxy-4-formamido-L-arabinosyltransferase	unresolved non-GPR reaction	Not assignable reaction-by-reaction from available summary log; see gapseq gap-filling provenance file.	True	0.0	-0.0	-1000.0	1000.0
rxn07586_c0	cobalt-precorrin 5A acylhydrolase	unresolved non-GPR reaction	Not assignable reaction-by-reaction from available summary log; see gapseq gap-filling provenance file.	True	0.0	-0.0	-1000.0	1000.0
rxn15284_c0	ATP:D-glucosamine 6-phosphotransferase	unresolved non-GPR reaction	Not assignable reaction-by-reaction from available summary log; see gapseq gap-filling provenance file.	True	0.0	-0.0	0.0	1000.0
rxn03963_c0	(R)-2-hydroxyacid:NAD+ oxidoreductase	unresolved non-GPR reaction	Not assignable reaction-by-reaction from available summary log; see gapseq gap-filling provenance file.	False	0.0	1000.0	-1000.0	1000.0
rxn08557_c0	glycerol-3-phosphate dehydrogenase (menaquinone-8)	unresolved non-GPR reaction	Not assignable reaction-by-reaction from available summary log; see gapseq gap-filling provenance file.	False	0.0	48.6875	0.0	1000.0
rxn00117_c0	ATP:UDP phosphotransferase	unresolved non-GPR reaction	Not assignable reaction-by-reaction from available summary log; see gapseq gap-filling provenance file.	False	-68.75000000000001	59.25	-1000.0	1000.0
rxn00515_c0	ATP:IDP phosphotransferase	unresolved non-GPR reaction	Not assignable reaction-by-reaction from available summary log; see gapseq gap-filling provenance file.	False	-68.75000000000007	59.25000000000011	-1000.0	1000.0
rxn01218_c0	2'-Deoxycytidine 5'-monophosphate phosphohydrolase	unresolved non-GPR reaction	Not assignable reaction-by-reaction from available summary log; see gapseq gap-filling provenance file.	True	0.0	-0.0	0.0	1000.0
rxn01322_c0	N-Acetylneuraminate pyruvate-lyase (N-acetyl-D-mannosamine-forming)	unresolved non-GPR reaction	Not assignable reaction-by-reaction from available summary log; see gapseq gap-filling provenance file.	False	-5.771084337349398	-0.0	-1000.0	1000.0
rxn01507_c0	2'-Deoxyadenosine 5'-monophosphate phosphohydrolase	unresolved non-GPR reaction	Not assignable reaction-by-reaction from available summary log; see gapseq gap-filling provenance file.	True	0.0	-0.0	0.0	1000.0
rxn03174_c0	2-Amino-4-hydroxy-6-(erythro-1,2,3-trihydroxypropyl) dihydropteridine triphosphate hydrolase	unresolved non-GPR reaction	Not assignable reaction-by-reaction from available summary log; see gapseq gap-filling provenance file.	True	0.0	-0.0	-1000.0	0.0
rxn03419_c0	formamidopyrimidine nucleoside triphosphate amidohydrolase	unresolved non-GPR reaction	Not assignable reaction-by-reaction from available summary log; see gapseq gap-filling provenance file.	True	0.0	-0.0	-1000.0	1000.0
rxn03421_c0	2,5-Diaminopyrimidine nucleoside triphosphate mutase	unresolved non-GPR reaction	Not assignable reaction-by-reaction from available summary log; see gapseq gap-filling provenance file.	True	0.0	-0.0	-1000.0	1000.0
rxn05487_c0	N-acetylneuraminate proton symport	transport reaction	Not assignable reaction-by-reaction from available summary log; see gapseq gap-filling provenance file.	False	-5.771084337349398	-0.0	-1000.0	1000.0
rxn05644_c0	D-ribose transport out via ABC system	transport reaction	Not assignable reaction-by-reaction from available summary log; see gapseq gap-filling provenance file.	False	0.0	24.62500000000053	0.0	1000.0
rxn00363_c0	Cytidine-5'-monophosphate phosphohydrolase	unresolved non-GPR reaction	Not assignable reaction-by-reaction from available summary log; see gapseq gap-filling provenance file.	False	0.0	1.5161494616846125	0.0	1000.0
rxn07589_c0	S-adenosyl-L-methionine:precorrin-7 C15-methyltransferase (C-12-decarboxylating)	unresolved non-GPR reaction	Not assignable reaction-by-reaction from available summary log; see gapseq gap-filling provenance file.	True	0.0	-0.0	0.0	1000.0
